comparator,metric,difference,lower95,upper95
Persistence,coverage,0.3409090909090909,0.12496141975308642,0.5294117647058824
Persistence,precision,0.09761970917847551,-0.029729729729729704,0.22079439252336447
Persistence,unmatched_per_minute,2.3106917633467825,0.9123294812755756,3.5834060734140865
Persistence,active_fraction,0.08551576696953994,0.06362928348910007,0.1083603054155012
Persistence,activations_per_minute,6.505306558754285,4.534749723817043,8.125166603929888
AC1,coverage,0.30681818181818177,0.19115896358543427,0.4444444444444444
AC1,precision,0.26237544198007073,0.1793481960131628,0.32868601025834415
AC1,unmatched_per_minute,-11.553458816733915,-14.663047335818218,-7.668226936235067
AC1,active_fraction,0.10177903336642563,0.04298337576756295,0.14942365162943777
AC1,activations_per_minute,-8.887531495762893,-12.221575788298063,-5.589994115383302
Variance,coverage,0.5340909090909091,0.38,0.6107091035265912
Variance,precision,0.060694769711163166,-0.013404392764857886,0.12139896416762262
Variance,unmatched_per_minute,6.354402349203653,5.483729697823958,7.536076964190702
Variance,active_fraction,0.1625563106054913,0.05462215947148025,0.3101264022907525
Variance,activations_per_minute,12.644116973353398,9.90465347943702,14.737503024159544
Recovery,coverage,0.1477272727272727,0.0625,0.25
Recovery,precision,0.22642257502887383,0.1515036367649824,0.2950126779000887
Recovery,unmatched_per_minute,-13.960429403553483,-17.257700429623057,-11.391451704011194
Recovery,active_fraction,0.0834542261586671,0.036023054755045525,0.11194530097868971
Recovery,activations_per_minute,-12.918989081469771,-15.283360790775172,-11.202141666928794
Reddening,coverage,0.49999999999999994,0.2819672131147541,0.6097560975609757
Reddening,precision,0.2627122179118174,0.1466209279513332,0.32457140427725556
Reddening,unmatched_per_minute,-0.5776729408366972,-1.5084505084073996,0.8697921196834457
Reddening,active_fraction,0.04397953729862031,-0.09017316800724431,0.11734440862881884
Reddening,activations_per_minute,5.4058181262887715,2.576853526220761,7.625323605554684
