method,metric,estimate,lower95,upper95
State-history,coverage,0.7840909090909091,0.6904761904761905,0.8390911025968496
State-history,precision,0.453551912568306,0.336734693877551,0.5185223605348086
State-history,unmatched_per_minute,9.627882347278263,8.88587991368053,10.888420378426602
State-history,active_fraction,0.426738947850677,0.34178177670766124,0.504118616145004
State-history,activations_per_minute,17.77506299152579,15.49569564010085,19.487259034212364
Persistence,coverage,0.4431818181818182,0.2613593962008141,0.625
Persistence,precision,0.3559322033898305,0.18389367816091953,0.4848894348894347
Persistence,unmatched_per_minute,7.31719058393148,6.058879884001278,9.253627595795122
Persistence,active_fraction,0.34122318088113707,0.24508188777983736,0.41269866266113375
Persistence,activations_per_minute,11.269756432771505,9.392885772278431,13.509060955519715
AC1,coverage,0.4772727272727273,0.3733137254901961,0.5360020618556701
AC1,precision,0.19117647058823528,0.10768987341772153,0.24271844660194175
AC1,unmatched_per_minute,21.181341164012178,17.43356080317615,24.602137310680263
AC1,active_fraction,0.3249599144842514,0.2483699772555103,0.41211668788380346
AC1,activations_per_minute,26.662594487288683,21.32740905304203,31.302306425042964
Variance,coverage,0.25,0.1686746987951807,0.40323288058856815
Variance,precision,0.39285714285714285,0.27906976744186046,0.5
Variance,unmatched_per_minute,3.2734799980746097,2.3304404680881032,4.773560164782934
Variance,active_fraction,0.2641826372451857,0.16409836628227173,0.34098546612184555
Variance,activations_per_minute,5.130946018172392,3.953871499176501,6.920575739183601
Recovery,coverage,0.6363636363636364,0.5217391304347826,0.68
Recovery,precision,0.22712933753943218,0.14282977558839627,0.2904117143432715
Recovery,unmatched_per_minute,23.588311750831746,21.195615075869327,27.038219784910794
Recovery,active_fraction,0.3432847216920099,0.2716526429015049,0.42723778143879376
Recovery,activations_per_minute,30.69405207299556,27.825536338006835,33.984937632386014
Reddening,coverage,0.2840909090909091,0.191900623885918,0.4529129427341935
Reddening,precision,0.19083969465648856,0.13333333333333333,0.24770642201834864
Reddening,unmatched_per_minute,10.20555528811496,9.216285407548629,11.256840992633007
Reddening,active_fraction,0.3827594105520567,0.28269357495883,0.528185011490826
Reddening,activations_per_minute,12.369244865237018,11.63793103448342,13.426763110308178
