tag,issuance_time,window_sec,full_followup,hit,reference_onset,lead_sec
Pt 10_FD10_1,59.6,1.5800000000000018,1,1,60.746,1.1460000000000008
Pt 10_FD10_1,64.3,1.5800000000000018,1,1,64.54599999999999,0.2459999999999951
Pt 10_FD10_1,67.5,1.5800000000000018,1,1,68.59599999999999,1.0959999999999894
Pt 10_FD10_1,72.35,1.5800000000000018,1,0,,
Pt 10_FD10_1,78.05,1.5800000000000018,1,0,,
Pt 10_FD10_1,79.65,1.5800000000000018,1,1,79.696,0.04599999999999227
Pt 10_FD10_1,80.9,1.5800000000000018,1,0,,
Pt 10_FD10_1,82.55,1.5800000000000018,1,1,83.68599999999999,1.1359999999999957
Pt 10_FD10_1,83.55,1.5800000000000018,1,1,83.68599999999999,0.13599999999999568
Pt 10_FD10_1,84.3,1.5800000000000018,1,0,,
Pt 10_FD10_1,88.5,1.5800000000000018,0,1,89.056,0.5559999999999974
Pt 10_FD10_1,89.55,1.5800000000000018,0,0,,
Pt 10_FD10_2,71.45,1.8199999999999967,1,0,,
Pt 10_FD10_2,73.1,1.8199999999999967,1,0,,
Pt 10_FD10_2,80.5,1.8199999999999967,1,1,81.416,0.9159999999999968
Pt 10_FD10_4,64.4,1.8599999999999992,1,0,,
Pt 10_FD10_4,68.0,1.8599999999999992,1,1,68.856,0.8559999999999945
Pt 10_FD10_4,69.3,1.8599999999999992,1,0,,
Pt 10_FD10_4,71.2,1.8599999999999992,1,0,,
Pt 10_FD10_4,71.95,1.8599999999999992,1,1,73.67599999999999,1.7259999999999849
Pt 10_FD10_4,73.4,1.8599999999999992,1,1,73.67599999999999,0.27599999999998204
Pt 10_FD10_4,74.85,1.8599999999999992,1,1,75.746,0.8960000000000008
Pt 10_FD10_4,75.4,1.8599999999999992,1,1,75.746,0.3459999999999894
Pt 10_FD10_4,77.8,1.8599999999999992,1,0,,
Pt 10_FD10_4,80.0,1.8599999999999992,1,1,80.966,0.965999999999994
Pt 10_FD10_4,81.9,1.8599999999999992,1,1,82.726,0.8259999999999934
Pt 10_FD10_4,83.5,1.8599999999999992,1,0,,
Pt 10_FD10_4,84.65,1.8599999999999992,1,0,,
Pt 10_FD10_4,86.0,1.8599999999999992,1,0,,
Pt 10_FD10_4,87.5,1.8599999999999992,1,0,,
Pt 18_FD18_2,59.6,1.1999999999999886,1,0,,
Pt 18_FD18_2,60.05,1.1999999999999886,1,0,,
Pt 18_FD18_2,62.95,1.1999999999999886,1,0,,
Pt 18_FD18_2,68.45,1.1999999999999886,1,1,69.306,0.8559999999999945
Pt 18_FD18_2,76.25,1.1999999999999886,1,1,77.31599999999999,1.0659999999999883
Pt 18_FD18_2,78.1,1.1999999999999886,1,0,,
Pt 18_FD18_3,59.95,1.7000000000000028,1,0,,
Pt 18_FD18_3,60.7,1.7000000000000028,1,1,62.196000000000005,1.4960000000000022
Pt 18_FD18_3,61.7,1.7000000000000028,1,1,62.196000000000005,0.4960000000000022
Pt 18_FD18_3,62.05,1.7000000000000028,1,1,62.196000000000005,0.1460000000000079
Pt 18_FD18_3,63.6,1.7000000000000028,1,0,,
Pt 18_FD18_3,69.55,1.7000000000000028,1,1,69.62599999999999,0.0759999999999934
Pt 18_FD18_3,71.25,1.7000000000000028,1,0,,
Pt 18_FD18_3,74.4,1.7000000000000028,1,1,75.90599999999999,1.505999999999986
Pt 18_FD18_3,74.85,1.7000000000000028,1,1,75.90599999999999,1.0559999999999974
Pt 18_FD18_3,75.95,1.7000000000000028,1,0,,
Pt 18_FD18_3,78.85,1.7000000000000028,1,0,,
Pt 18_FD18_3,84.0,1.7000000000000028,1,0,,
Pt 18_FD18_3,85.45,1.7000000000000028,1,0,,
Pt 18_FD18_3,86.85,1.7000000000000028,1,1,87.526,0.6760000000000019
Pt 18_FD18_3,89.1,1.7000000000000028,0,0,,
Pt 18_FD18_4,60.25,1.7199999999999989,1,1,61.836,1.5859999999999985
Pt 18_FD18_4,63.95,1.7199999999999989,1,1,64.196,0.2459999999999951
Pt 18_FD18_4,64.45,1.7199999999999989,1,0,,
Pt 18_FD18_4,66.2,1.7199999999999989,1,1,67.866,1.6659999999999968
Pt 18_FD18_4,67.55,1.7199999999999989,1,1,67.866,0.3160000000000025
Pt 18_FD18_4,72.6,1.7199999999999989,1,1,74.246,1.6460000000000008
Pt 18_FD18_4,73.3,1.7199999999999989,1,1,74.246,0.945999999999998
Pt 18_FD18_4,73.8,1.7199999999999989,1,1,74.246,0.44599999999999795
Pt 18_FD18_4,75.45,1.7199999999999989,1,1,76.20599999999999,0.755999999999986
Pt 18_FD18_4,79.4,1.7199999999999989,1,1,80.136,0.73599999999999
Pt 18_FD18_4,80.2,1.7199999999999989,1,0,,
Pt 18_FD18_5,59.6,1.5500000000000016,1,1,59.876000000000005,0.27600000000000335
Pt 18_FD18_5,60.95,1.5500000000000016,1,0,,
Pt 18_FD18_5,62.8,1.5500000000000016,1,1,62.996,0.19600000000000506
Pt 18_FD18_5,66.5,1.5500000000000016,1,1,66.636,0.13599999999999568
Pt 18_FD18_5,70.0,1.5500000000000016,1,0,,
Pt 18_FD18_5,73.8,1.5500000000000016,1,0,,
Pt 18_FD18_5,74.6,1.5500000000000016,1,1,75.95599999999999,1.3559999999999945
Pt 18_FD18_5,85.5,1.5500000000000016,1,1,85.67599999999999,0.17599999999998772
Pt 20_FD20_2,63.25,1.5200000000000014,1,1,63.386,0.13600000000000279
Pt 20_FD20_2,66.55,1.5200000000000014,1,1,66.776,0.2259999999999991
Pt 20_FD20_2,67.2,1.5200000000000014,1,0,,
Pt 20_FD20_2,72.7,1.5200000000000014,1,0,,
Pt 20_FD20_2,75.2,1.5200000000000014,1,1,75.556,0.35599999999999454
Pt 20_FD20_2,76.4,1.5200000000000014,1,0,,
Pt 20_FD20_2,77.9,1.5200000000000014,1,1,78.446,0.5459999999999923
Pt 20_FD20_2,80.6,1.5200000000000014,1,1,81.226,0.6260000000000048
Pt 20_FD20_2,82.55,1.5200000000000014,1,1,83.076,0.5259999999999962
Pt 20_FD20_2,85.75,1.5200000000000014,1,0,,
Pt 20_FD20_3,60.7,1.6400000000000006,1,1,61.196000000000005,0.4960000000000022
Pt 20_FD20_3,63.45,1.6400000000000006,1,0,,
Pt 20_FD20_3,65.6,1.6400000000000006,1,0,,
Pt 20_FD20_3,67.3,1.6400000000000006,1,1,68.34599999999999,1.0459999999999923
Pt 20_FD20_3,68.5,1.6400000000000006,1,0,,
Pt 20_FD20_3,70.3,1.6400000000000006,1,1,71.15599999999999,0.8559999999999945
Pt 20_FD20_3,71.6,1.6400000000000006,1,0,,
Pt 20_FD20_3,73.6,1.6400000000000006,1,0,,
Pt 20_FD20_3,76.05,1.6400000000000006,1,1,76.336,0.28600000000000136
Pt 20_FD20_4,60.55,1.5399999999999991,1,0,,
Pt 20_FD20_4,62.9,1.5399999999999991,1,1,62.916000000000004,0.016000000000005343
Pt 20_FD20_4,67.0,1.5399999999999991,1,1,67.466,0.465999999999994
Pt 20_FD20_4,73.55,1.5399999999999991,1,1,73.576,0.02599999999999625
Pt 20_FD20_4,76.3,1.5399999999999991,1,0,,
Pt 20_FD20_4,78.95,1.5399999999999991,1,0,,
Pt 20_FD20_4,83.35,1.5399999999999991,1,1,83.54599999999999,0.19599999999999795
Pt 20_FD20_4,89.2,1.5399999999999991,0,0,,
Pt 20_FD20_5,66.7,1.4700000000000024,1,1,66.896,0.19599999999999795
Pt 20_FD20_5,68.1,1.4700000000000024,1,0,,
Pt 20_FD20_5,70.8,1.4700000000000024,1,1,70.976,0.17600000000000193
Pt 20_FD20_5,71.35,1.4700000000000024,1,0,,
Pt 20_FD20_5,73.4,1.4700000000000024,1,0,,
Pt 20_FD20_5,74.2,1.4700000000000024,1,0,,
Pt 20_FD20_5,78.25,1.4700000000000024,1,1,78.276,0.02599999999999625
Pt 20_FD20_5,78.75,1.4700000000000024,1,0,,
Pt 20_FD20_5,80.9,1.4700000000000024,1,0,,
Pt 20_FD20_5,82.25,1.4700000000000024,1,0,,
Pt 20_FD20_5,88.85,1.4700000000000024,0,0,,
Pt 20_FD20_6,60.2,1.8000000000000007,1,1,60.296,0.09599999999999653
Pt 20_FD20_6,63.0,1.8000000000000007,1,0,,
Pt 20_FD20_6,65.65,1.8000000000000007,1,0,,
Pt 20_FD20_6,68.4,1.8000000000000007,1,0,,
Pt 20_FD20_6,72.35,1.8000000000000007,1,1,72.526,0.17600000000000193
Pt 20_FD20_6,74.05,1.8000000000000007,1,1,74.98599999999999,0.9359999999999928
Pt 20_FD20_6,74.95,1.8000000000000007,1,1,74.98599999999999,0.03599999999998715
Pt 20_FD20_6,78.4,1.8000000000000007,1,0,,
Pt 20_FD20_6,81.45,1.8000000000000007,1,1,81.646,0.19599999999999795
Pt 20_FD20_6,82.6,1.8000000000000007,1,1,84.216,1.6159999999999997
Pt 20_FD20_6,84.55,1.8000000000000007,1,0,,
Pt 20_FD20_6,88.35,1.8000000000000007,0,0,,
Pt 22_FD22_3,60.54,1.3000000000000007,1,0,,
Pt 22_FD22_3,66.49,1.3000000000000007,1,0,,
Pt 22_FD22_3,67.09,1.3000000000000007,1,0,,
Pt 22_FD22_3,67.69,1.3000000000000007,1,0,,
Pt 22_FD22_3,70.44,1.3000000000000007,1,0,,
Pt 22_FD22_3,81.99,1.3000000000000007,1,0,,
Pt 31_FD31_1,69.5,1.3400000000000016,1,1,70.446,0.945999999999998
Pt 31_FD31_1,70.3,1.3400000000000016,1,1,70.446,0.1460000000000008
Pt 31_FD31_1,74.2,1.3400000000000016,1,0,,
Pt 31_FD31_1,74.95,1.3400000000000016,1,0,,
Pt 31_FD31_1,83.0,1.3400000000000016,1,1,83.87599999999999,0.8759999999999906
Pt 31_FD31_1,85.05,1.3400000000000016,1,0,,
Pt 31_FD31_1,86.1,1.3400000000000016,1,0,,
Pt 31_FD31_1,87.05,1.3400000000000016,1,0,,
Pt 31_FD31_1,87.95,1.3400000000000016,1,0,,
Pt 31_FD31_1,89.35,1.3400000000000016,0,0,,
Pt 31_FD31_2,70.95,1.3200000000000003,1,1,71.90599999999999,0.9559999999999889
Pt 31_FD31_2,71.6,1.3200000000000003,1,1,71.90599999999999,0.3059999999999974
Pt 31_FD31_2,71.95,1.3200000000000003,1,0,,
Pt 31_FD31_2,76.0,1.3200000000000003,1,0,,
Pt 31_FD31_2,78.0,1.3200000000000003,1,0,,
Pt 31_FD31_2,83.9,1.3200000000000003,1,1,84.23599999999999,0.3359999999999843
Pt 31_FD31_2,85.9,1.3200000000000003,1,0,,
Pt 31_FD31_2,87.45,1.3200000000000003,1,0,,
Pt 31_FD31_2,89.15,1.3200000000000003,0,0,,
Pt 32_FD32_1,59.65,2.26,1,0,,
Pt 32_FD32_1,62.7,2.26,1,0,,
Pt 32_FD32_1,71.05,2.26,1,0,,
Pt 32_FD32_1,78.5,2.26,1,0,,
Pt 32_FD32_1,82.35,2.26,1,0,,
Pt 32_FD32_1,86.05,2.26,1,1,86.17599999999999,0.12599999999999056
Pt 32_FD32_1,86.5,2.26,1,0,,
Pt 32_FD32_1,89.15,2.26,0,0,,
Pt 33_FD33_1,66.1,1.6000000000000014,1,0,,
Pt 33_FD33_1,68.5,1.6000000000000014,1,0,,
Pt 33_FD33_1,70.85,1.6000000000000014,1,1,71.806,0.9560000000000031
Pt 33_FD33_1,75.65,1.6000000000000014,1,0,,
Pt 33_FD33_1,77.2,1.6000000000000014,1,0,,
Pt 33_FD33_1,78.1,1.6000000000000014,1,0,,
Pt 33_FD33_1,83.65,1.6000000000000014,1,1,85.116,1.465999999999994
Pt 33_FD33_1,84.75,1.6000000000000014,1,1,85.116,0.36599999999999966
Pt 33_FD33_1,89.9,1.6000000000000014,1,1,91.15599999999999,1.255999999999986
Pt 33_FD33_1,93.65,1.6000000000000014,1,0,,
Pt 33_FD33_1,98.7,1.6000000000000014,0,0,,
Pt 33_FD33_2,66.6,1.9200000000000017,1,0,,
Pt 33_FD33_2,75.65,1.9200000000000017,1,1,75.946,0.29599999999999227
Pt 33_FD33_2,76.15,1.9200000000000017,1,0,,
Pt 33_FD33_2,80.35,1.9200000000000017,1,1,80.636,0.28600000000000136
Pt 33_FD33_2,86.3,1.9200000000000017,1,1,86.56599999999999,0.26599999999999113
Pt 33_FD33_2,88.95,1.9200000000000017,1,1,90.76599999999999,1.8159999999999883
Pt 33_FD33_2,91.0,1.9200000000000017,1,0,,
Pt 33_FD33_2,91.6,1.9200000000000017,1,0,,
Pt 33_FD33_2,96.5,1.9200000000000017,1,0,,
Pt 33_FD33_2,97.9,1.9200000000000017,1,0,,
Pt 33_FD33_4,71.15,1.9599999999999935,1,0,,
Pt 33_FD33_4,85.75,1.9599999999999935,1,0,,
Pt 33_FD33_4,86.25,1.9599999999999935,1,0,,
Pt 33_FD33_4,86.7,1.9599999999999935,1,0,,
Pt 33_FD33_5,70.55,1.5799999999999983,1,0,,
Pt 33_FD33_5,72.6,1.5799999999999983,1,0,,
Pt 33_FD33_5,73.05,1.5799999999999983,1,1,74.62599999999999,1.5759999999999934
Pt 33_FD33_5,77.5,1.5799999999999983,1,0,,
Pt 33_FD33_5,81.75,1.5799999999999983,1,1,81.95599999999999,0.20599999999998886
Pt 33_FD33_5,83.85,1.5799999999999983,1,0,,
Pt 33_FD33_5,86.25,1.5799999999999983,1,1,86.466,0.21599999999999397
Pt 33_FD33_5,90.9,1.5799999999999983,1,1,91.916,1.0159999999999911
Pt 33_FD33_5,99.05,1.5799999999999983,0,0,,
Pt 33_FD33_6,75.7,1.9200000000000017,1,0,,
Pt 33_FD33_6,77.85,1.9200000000000017,1,0,,
Pt 33_FD33_6,79.8,1.9200000000000017,1,0,,
Pt 33_FD33_6,82.9,1.9200000000000017,1,1,83.62599999999999,0.7259999999999849
Pt 33_FD33_6,83.35,1.9200000000000017,1,1,83.62599999999999,0.27599999999999625
Pt 33_FD33_6,89.25,1.9200000000000017,1,1,90.836,1.5859999999999985
Pt 33_FD33_6,90.55,1.9200000000000017,1,1,90.836,0.28600000000000136
