tag,reference_onset,covered,lead_sec,n_alarms,left_window_truncated
Pt 10_FD10_1,60.746,1,1.1460000000000008,1,1
Pt 10_FD10_1,64.54599999999999,1,0.2459999999999951,1,0
Pt 10_FD10_1,68.59599999999999,1,1.0959999999999894,1,0
Pt 10_FD10_1,71.716,0,,0,0
Pt 10_FD10_1,73.996,0,,0,0
Pt 10_FD10_1,75.836,0,,0,0
Pt 10_FD10_1,79.696,1,0.04599999999999227,1,0
Pt 10_FD10_1,83.68599999999999,1,1.1359999999999957,2,0
Pt 10_FD10_1,86.87599999999999,0,,0,0
Pt 10_FD10_1,89.056,1,0.5559999999999974,1,0
Pt 10_FD10_2,81.416,1,0.9159999999999968,1,0
Pt 10_FD10_2,85.836,0,,0,0
Pt 10_FD10_4,68.856,1,0.8559999999999945,1,0
Pt 10_FD10_4,73.67599999999999,1,1.7259999999999849,2,0
Pt 10_FD10_4,75.746,1,0.8960000000000008,2,0
Pt 10_FD10_4,80.966,1,0.965999999999994,1,0
Pt 10_FD10_4,82.726,1,0.8259999999999934,1,0
Pt 18_FD18_2,62.826,0,,0,0
Pt 18_FD18_2,65.256,0,,0,0
Pt 18_FD18_2,69.306,1,0.8559999999999945,1,0
Pt 18_FD18_2,77.31599999999999,1,1.0659999999999883,1,0
Pt 18_FD18_3,62.196000000000005,1,1.4960000000000022,3,0
Pt 18_FD18_3,69.62599999999999,1,0.0759999999999934,1,0
Pt 18_FD18_3,74.136,0,,0,0
Pt 18_FD18_3,75.90599999999999,1,1.505999999999986,2,0
Pt 18_FD18_3,83.84599999999999,0,,0,0
Pt 18_FD18_3,87.526,1,0.6760000000000019,1,0
Pt 18_FD18_4,61.836,1,1.5859999999999985,1,0
Pt 18_FD18_4,64.196,1,0.2459999999999951,1,0
Pt 18_FD18_4,67.866,1,1.6659999999999968,2,0
Pt 18_FD18_4,74.246,1,1.6460000000000008,3,0
Pt 18_FD18_4,76.20599999999999,1,0.755999999999986,1,0
Pt 18_FD18_4,80.136,1,0.73599999999999,1,0
Pt 18_FD18_5,59.876000000000005,1,0.27600000000000335,1,1
Pt 18_FD18_5,62.996,1,0.19600000000000506,1,0
Pt 18_FD18_5,66.636,1,0.13599999999999568,1,0
Pt 18_FD18_5,75.95599999999999,1,1.3559999999999945,1,0
Pt 18_FD18_5,85.67599999999999,1,0.17599999999998772,1,0
Pt 20_FD20_2,63.386,1,0.13600000000000279,1,0
Pt 20_FD20_2,66.776,1,0.2259999999999991,1,0
Pt 20_FD20_2,75.556,1,0.35599999999999454,1,0
Pt 20_FD20_2,78.446,1,0.5459999999999923,1,0
Pt 20_FD20_2,81.226,1,0.6260000000000048,1,0
Pt 20_FD20_2,83.076,1,0.5259999999999962,1,0
Pt 20_FD20_3,61.196000000000005,1,0.4960000000000022,1,0
Pt 20_FD20_3,65.226,0,,0,0
Pt 20_FD20_3,68.34599999999999,1,1.0459999999999923,1,0
Pt 20_FD20_3,71.15599999999999,1,0.8559999999999945,1,0
Pt 20_FD20_3,76.336,1,0.28600000000000136,1,0
Pt 20_FD20_4,62.916000000000004,1,0.016000000000005343,1,0
Pt 20_FD20_4,67.466,1,0.465999999999994,1,0
Pt 20_FD20_4,73.576,1,0.02599999999999625,1,0
Pt 20_FD20_4,76.20599999999999,0,,0,0
Pt 20_FD20_4,83.54599999999999,1,0.19599999999999795,1,0
Pt 20_FD20_5,66.896,1,0.19599999999999795,1,0
Pt 20_FD20_5,70.976,1,0.17600000000000193,1,0
Pt 20_FD20_5,78.276,1,0.02599999999999625,1,0
Pt 20_FD20_5,88.776,0,,0,0
Pt 20_FD20_6,60.296,1,0.09599999999999653,1,1
Pt 20_FD20_6,72.526,1,0.17600000000000193,1,0
Pt 20_FD20_6,74.98599999999999,1,0.9359999999999928,2,0
Pt 20_FD20_6,78.06599999999999,0,,0,0
Pt 20_FD20_6,81.646,1,0.19599999999999795,1,0
Pt 20_FD20_6,84.216,1,1.6159999999999997,1,0
Pt 20_FD20_6,87.836,0,,0,0
Pt 22_FD22_3,84.106,0,,0,0
Pt 31_FD31_1,70.446,1,0.945999999999998,2,0
Pt 31_FD31_1,83.87599999999999,1,0.8759999999999906,1,0
Pt 31_FD31_2,71.90599999999999,1,0.9559999999999889,2,0
Pt 31_FD31_2,84.23599999999999,1,0.3359999999999843,1,0
Pt 32_FD32_1,68.866,0,,0,0
Pt 32_FD32_1,76.48599999999999,0,,0,0
Pt 32_FD32_1,86.17599999999999,1,0.12599999999999056,1,0
Pt 33_FD33_1,71.806,1,0.9560000000000031,1,0
Pt 33_FD33_1,85.116,1,1.465999999999994,2,0
Pt 33_FD33_1,91.15599999999999,1,1.255999999999986,1,0
Pt 33_FD33_2,66.42599999999999,0,,0,1
Pt 33_FD33_2,75.946,1,0.29599999999999227,1,0
Pt 33_FD33_2,80.636,1,0.28600000000000136,1,0
Pt 33_FD33_2,86.56599999999999,1,0.26599999999999113,1,0
Pt 33_FD33_2,90.76599999999999,1,1.8159999999999883,1,0
Pt 33_FD33_4,90.70599999999999,0,,0,0
Pt 33_FD33_5,74.62599999999999,1,1.5759999999999934,1,0
Pt 33_FD33_5,81.95599999999999,1,0.20599999999998886,1,0
Pt 33_FD33_5,86.466,1,0.21599999999999397,1,0
Pt 33_FD33_5,91.916,1,1.0159999999999911,1,0
Pt 33_FD33_6,83.62599999999999,1,0.7259999999999849,2,0
Pt 33_FD33_6,90.836,1,1.5859999999999985,2,0
