tag,exit_duration,activation_fraction,active_seconds,observed_seconds,right_censored_intervals,n_reference,covered,coverage,alarms,observed_hit_alarms,full_followup_alarms,full_followup_hits,precision,unmatched,censored_unmatched,exposure_seconds,unmatched_per_minute,unmatched_per_hour,mean_lead,median_lead,q25_lead,q75_lead,duplicate_hits
Pt 10_FD10_1,0.1,0.27182866556838425,8.249999999999993,30.349999999998275,1,10,6,0.6,12,7,10,6,0.6,4,1,28.909999999998348,8.301625735040252,498.09754410241516,0.7043333333333285,0.8259999999999934,0.3234999999999957,1.1259999999999941,1
Pt 10_FD10_2,0.1,0.34431630971995425,10.450000000000017,30.349999999998275,0,2,1,0.5,3,1,3,1,0.3333333333333333,2,0,28.669999999998367,4.18555981862598,251.13358911755878,0.9159999999999968,0.9159999999999968,0.9159999999999968,0.9159999999999968,0
Pt 10_FD10_4,0.1,0.574958813838582,17.449999999999974,30.349999999998275,1,5,5,1.0,15,7,15,7,0.4666666666666667,8,0,28.629999999998375,16.76563045756295,1005.937827453777,1.0539999999999936,0.8960000000000008,0.8559999999999945,0.965999999999994,2
Pt 18_FD18_2,0.1,0.7528830313015251,22.849999999999987,30.349999999998275,1,4,2,0.5,6,2,6,2,0.3333333333333333,4,0,29.289999999998344,8.193922840560381,491.6353704336229,0.9609999999999914,0.9609999999999914,0.908499999999993,1.0134999999999899,0
Pt 18_FD18_3,0.1,0.3212520593080912,9.750000000000014,30.349999999998275,0,6,4,0.6666666666666666,15,7,14,7,0.5,7,1,28.789999999998358,14.588398749566654,875.3039249739992,0.9384999999999959,1.086000000000002,0.5259999999999998,1.4984999999999982,3
Pt 18_FD18_4,0.1,0.6672158154860339,20.24999999999998,30.349999999998275,1,6,6,1.0,11,9,11,9,0.8181818181818182,2,0,28.76999999999836,4.171011470281781,250.26068821690686,1.1059999999999945,1.1709999999999923,0.740999999999989,1.6310000000000002,3
Pt 18_FD18_5,0.1,0.6688632619440246,20.29999999999999,30.349999999998275,1,5,5,1.0,8,5,8,5,0.625,3,0,28.93999999999835,6.21976503109918,373.18590186595077,0.42799999999999727,0.19600000000000506,0.17599999999998772,0.27600000000000335,0
Pt 20_FD20_2,0.1,0.3871499176276991,11.75,30.349999999998275,1,6,6,1.0,10,6,10,6,0.6,4,0,28.96999999999835,8.28443217121207,497.0659302727242,0.40266666666666495,0.4409999999999954,0.25849999999999795,0.5409999999999933,0
Pt 20_FD20_3,0.1,0.6523887973641234,19.80000000000002,30.349999999998275,1,5,4,0.8,9,4,9,4,0.4444444444444444,5,0,28.84999999999836,10.398613518198164,623.9168110918899,0.6709999999999976,0.6759999999999984,0.443500000000002,0.903499999999994,0
Pt 20_FD20_4,0.1,0.38056013179573867,11.550000000000011,30.349999999998275,1,5,4,0.8,8,4,7,4,0.5714285714285714,3,1,28.94999999999834,6.217616580311237,373.05699481867424,0.17599999999999838,0.1109999999999971,0.023499999999998522,0.26349999999999696,0
Pt 20_FD20_5,0.1,0.29489291598024703,8.949999999999989,30.349999999998275,1,4,3,0.75,11,3,10,3,0.3,7,1,29.019999999998348,14.472777394900893,868.3666436940536,0.13266666666666538,0.17600000000000193,0.10099999999999909,0.18599999999999994,0
Pt 20_FD20_6,0.1,0.2800658978583351,8.499999999999986,30.349999999998275,1,7,5,0.7142857142857143,12,6,11,6,0.5454545454545454,5,1,28.689999999998363,10.456605088881739,627.3963053329044,0.6039999999999978,0.19599999999999795,0.17600000000000193,0.9359999999999928,1
Pt 22_FD22_3,0.1,0.42009884678750387,12.750000000000021,30.349999999998282,1,1,0,0.0,6,0,6,0,0.0,6,0,29.189999999998356,12.332990750257633,739.9794450154579,,,,,0
Pt 31_FD31_1,0.1,0.26688632619441416,8.100000000000009,30.349999999998275,1,2,2,1.0,10,3,9,3,0.3333333333333333,6,1,29.149999999998343,12.349914236707392,740.9948542024435,0.9109999999999943,0.9109999999999943,0.8934999999999924,0.9284999999999961,1
Pt 31_FD31_2,0.1,0.24711696869853086,7.499999999999986,30.349999999998275,0,2,2,1.0,9,3,8,3,0.375,5,1,29.169999999998325,10.284538909839466,617.072334590368,0.6459999999999866,0.6459999999999866,0.49099999999998545,0.8009999999999877,1
Pt 32_FD32_1,0.1,0.2899505766062774,8.800000000000018,30.349999999998275,1,3,1,0.3333333333333333,8,1,7,1,0.14285714285714285,6,1,28.229999999998384,12.75239107332698,765.1434643996187,0.12599999999999056,0.12599999999999056,0.12599999999999056,0.12599999999999056,0
Pt 33_FD33_1,0.1,0.41506646971937317,14.049999999999983,33.849999999998076,0,3,3,1.0,11,4,10,4,0.4,6,1,32.38999999999815,11.114541525162721,666.8724915097632,1.2259999999999944,1.255999999999986,1.1059999999999945,1.36099999999999,1
Pt 33_FD33_2,0.1,0.3722304283604346,12.599999999999994,33.849999999998076,1,5,4,0.8,10,4,10,4,0.4,6,0,32.069999999998174,11.225444340505785,673.5266604303471,0.6659999999999933,0.2909999999999968,0.2809999999999988,0.6759999999999913,0
Pt 33_FD33_4,0.1,0.41358936484492664,13.999999999999972,33.849999999998076,1,1,0,0.0,4,0,4,0,0.0,4,0,32.02999999999818,7.492975335623279,449.5785201373967,,,,,0
Pt 33_FD33_5,0.1,0.561299852289544,18.999999999999986,33.849999999998076,1,4,4,1.0,9,4,8,4,0.5,4,1,32.40999999999815,7.405121875964632,444.3073125578779,0.7534999999999918,0.6159999999999926,0.2134999999999927,1.1559999999999917,0
Pt 33_FD33_6,0.1,0.37813884785821894,12.799999999999983,33.849999999998076,1,2,2,1.0,7,4,7,4,0.5714285714285714,3,0,32.069999999998174,5.612722170252892,336.76333021517354,1.1559999999999917,1.1559999999999917,0.9409999999999883,1.3709999999999951,2
