tag,T_sec,frequency_hz,normal_gaps,all_gaps,excluded_long_gaps,q25,q75,fallback,calibration_end
Pt 10_FD10_1,0.7900000000000009,1.2658227848101251,27,34,7,0.7050000000000001,1.0650000000000013,False,46.79
Pt 10_FD10_2,0.9099999999999984,1.0989010989011008,44,46,2,0.6074999999999999,1.0024999999999995,False,46.79
Pt 10_FD10_4,0.9299999999999997,1.0752688172043015,45,46,1,0.8500000000000014,1.009999999999998,False,46.79
Pt 18_FD18_2,0.5999999999999943,1.6666666666666825,55,57,2,0.5450000000000013,0.9600000000000026,False,46.79
Pt 18_FD18_3,0.8500000000000014,1.1764705882352922,31,37,6,0.5949999999999998,1.0250000000000004,False,46.79
Pt 18_FD18_4,0.8599999999999994,1.1627906976744193,47,48,1,0.5599999999999992,1.0499999999999998,False,46.79
Pt 18_FD18_5,0.7750000000000008,1.29032258064516,44,46,2,0.5999999999999996,1.0324999999999993,False,46.79
Pt 20_FD20_2,0.7600000000000007,1.3157894736842093,44,46,2,0.6275000000000008,0.8325000000000014,False,46.79
Pt 20_FD20_3,0.8200000000000003,1.2195121951219507,47,49,2,0.6700000000000017,1.04,False,46.79
Pt 20_FD20_4,0.7699999999999996,1.2987012987012994,42,43,1,0.6625000000000005,0.8674999999999979,False,46.79
Pt 20_FD20_5,0.7350000000000012,1.3605442176870726,26,33,7,0.6425000000000001,0.9575000000000005,False,46.79
Pt 20_FD20_6,0.9000000000000004,1.1111111111111107,34,37,3,0.7699999999999996,1.100000000000001,False,46.79
Pt 22_FD22_3,0.6500000000000004,1.5384615384615377,56,58,2,0.5749999999999997,0.7199999999999989,False,46.78
Pt 31_FD31_1,0.6700000000000008,1.492537313432834,41,43,2,0.5599999999999987,1.1100000000000012,False,46.79
Pt 31_FD31_2,0.6600000000000001,1.515151515151515,29,30,1,0.5900000000000007,0.71,False,46.79
Pt 32_FD32_1,1.13,0.8849557522123894,3,13,10,0.9650000000000016,1.320000000000002,True,46.79
Pt 33_FD33_1,0.8000000000000007,1.249999999999999,53,54,1,0.7399999999999984,0.8900000000000006,False,51.99
Pt 33_FD33_2,0.9600000000000009,1.0416666666666659,43,44,1,0.8999999999999986,0.9900000000000011,False,51.99
Pt 33_FD33_4,0.9799999999999969,1.0204081632653095,45,46,1,0.9399999999999977,1.0,False,51.99
Pt 33_FD33_5,0.7899999999999991,1.265822784810128,54,55,1,0.7199999999999989,0.8950000000000009,False,51.99
Pt 33_FD33_6,0.9600000000000009,1.0416666666666659,43,45,2,0.9000000000000021,1.0150000000000015,False,51.99
