method,metric,lower95,upper95
Persistence,coverage,0.2271879240162822,0.6226415094339622
Persistence,association_fraction,0.15998936170212766,0.43859649122807015
AC1,coverage,0.2909090909090909,0.5250063131313131
AC1,association_fraction,0.08074004975124378,0.22169811320754718
Variance,coverage,0.1686746987951807,0.40323288058856815
Variance,association_fraction,0.27906976744186046,0.5
Recovery,coverage,0.5134961884961885,0.6708902398401065
Recovery,association_fraction,0.12279027721976697,0.2465753424657534
Reddening,coverage,0.18032786885245902,0.4166666666666667
Reddening,association_fraction,0.1209655264090748,0.21839978448275857
State-history,coverage,0.6769117647058824,0.8080842673308426
State-history,association_fraction,0.30696115288220555,0.4666666666666667
AC1_A3T,coverage,0.7857142857142857,0.9292929292929293
AC1_A3T,association_fraction,0.17435897435897435,0.26450116009280744
AC1_A7T,coverage,0.3404054596547571,0.6351351351351351
AC1_A7T,association_fraction,0.09165810502283105,0.2535211267605634
AC1_RA5T,coverage,0.49019607843137253,0.7265624999999996
AC1_RA5T,association_fraction,0.13114266198282593,0.27903038674033137
Recovery_A3T,coverage,0.6428234501347709,0.7830188679245284
Recovery_A3T,association_fraction,0.13946407697149538,0.28134556574923547
Recovery_A7T,coverage,0.40474924012158053,0.7272881880024736
Recovery_A7T,association_fraction,0.12087221823402729,0.2922705314009662
Recovery_RA5T,coverage,0.6284821428571429,0.7710843373493976
Recovery_RA5T,association_fraction,0.13937729900157647,0.2464828206909619
Reddening_A3T,coverage,0.40476190476190477,0.6164383561643836
Reddening_A3T,association_fraction,0.14283685064935064,0.25524475524475526
Reddening_A7T,coverage,0.10923537731924453,0.25
Reddening_A7T,association_fraction,0.10751728110599079,0.29850746268656714
Reddening_RA5T,coverage,0.11998165137614679,0.24529129427341936
Reddening_RA5T,association_fraction,0.08108108108108109,0.1702257394914374
Variance_A3T,coverage,0.06943247126436781,0.36472285067873295
Variance_A3T,association_fraction,0.07243788819875777,0.4431818181818182
Variance_A7T,coverage,0.08986817221047948,0.27450980392156865
Variance_A7T,association_fraction,0.18,0.39655172413793105
Variance_RA5T,coverage,0.13185011709601874,0.27906976744186046
Variance_RA5T,association_fraction,0.16326530612244897,0.22093329253365973
