method,events,covered,activations,associated,coverage,association_fraction,median_lead,mean_lead,q25,q75
Persistence,88,37,123,39,0.42045454545454547,0.3170731707317073,0.2960000000000065,0.5362702702702649,0.17599999999998772,0.965999999999994
AC1,88,39,291,48,0.4431818181818182,0.16494845360824742,0.8159999999999883,0.7647179487179426,0.4259999999999948,1.0459999999999923
Variance,88,22,56,22,0.25,0.39285714285714285,0.7359999999999971,0.7859999999999946,0.28850000000000087,1.0934999999999881
Recovery,88,55,335,66,0.625,0.19701492537313434,0.8059999999999832,0.7885454545454509,0.4660000000000011,1.0259999999999998
Reddening,88,23,135,23,0.26136363636363635,0.17037037037037037,0.9060000000000059,0.8512173913043424,0.4209999999999994,1.1059999999999945
State-history,88,67,194,79,0.7613636363636364,0.4072164948453608,0.5459999999999923,0.6367462686567119,0.21099999999999142,0.955999999999996
AC1_A3T,88,76,418,95,0.8636363636363636,0.22727272727272727,0.8509999999999991,0.8461315789473637,0.5184999999999853,1.1784999999999997
AC1_A7T,88,44,280,53,0.5,0.18928571428571428,1.0209999999999866,0.8689545454545406,0.5984999999999978,1.1034999999999933
AC1_RA5T,88,54,319,68,0.6136363636363636,0.21316614420062696,0.9059999999999917,0.8228518518518461,0.49599999999999156,1.1334999999999944
Recovery_A3T,88,64,400,89,0.7272727272727273,0.2225,0.9359999999999857,0.922249999999995,0.641,1.1809999999999974
Recovery_A7T,88,53,271,61,0.6022727272727273,0.22509225092250923,0.6359999999999957,0.719207547169807,0.3159999999999954,1.0659999999999883
Recovery_RA5T,88,64,380,78,0.7272727272727273,0.20526315789473684,0.6759999999999948,0.7981874999999957,0.5335000000000001,1.161000000000005
Reddening_A3T,88,46,240,51,0.5227272727272727,0.2125,0.9359999999999928,0.8514347826086914,0.5309999999999917,1.205999999999996
Reddening_A7T,88,15,84,16,0.17045454545454544,0.19047619047619047,1.1159999999999854,0.9959999999999961,0.6460000000000008,1.350999999999992
Reddening_RA5T,88,16,125,16,0.18181818181818182,0.128,0.4259999999999877,0.6416249999999954,0.3184999999999949,1.0659999999999936
Variance_A3T,88,23,89,24,0.26136363636363635,0.2696629213483146,0.9759999999999991,0.9125217391304298,0.4859999999999971,1.2959999999999994
Variance_A7T,88,14,47,14,0.1590909090909091,0.2978723404255319,0.9909999999999926,0.9052857142857091,0.5534999999999926,1.1409999999999982
Variance_RA5T,88,16,80,16,0.18181818181818182,0.2,0.7509999999999977,0.6891249999999953,0.30599999999999206,0.8784999999999918
