comparator,metric,difference,lower95,upper95
Persistence,coverage,0.3409090909090909,0.1249614197530864,0.5294117647058824
Persistence,precision,0.0976197091784755,-0.0297297297297297,0.2207943925233644
AC1,coverage,0.3068181818181817,0.1911589635854342,0.4444444444444444
AC1,precision,0.2623754419800707,0.1793481960131628,0.3286860102583441
Variance,coverage,0.5340909090909091,0.38,0.6107091035265912
Variance,precision,0.0606947697111631,-0.0134043927648578,0.1213989641676226
Recovery,coverage,0.1477272727272727,0.0625,0.25
Recovery,precision,0.2264225750288738,0.1515036367649824,0.2950126779000887
Reddening,coverage,0.4999999999999999,0.2819672131147541,0.6097560975609757
Reddening,precision,0.2627122179118174,0.1466209279513332,0.3245714042772555
