split,method,q,tag,participant,reference_onset,covered,lead_sec,next_covered,next_lead_sec
test,Persistence,0.175,Pt 10_FD10_1,Pt 10,60.746,1,1.0960000000000036,1,1.0960000000000036
test,Persistence,0.175,Pt 10_FD10_1,Pt 10,64.54599999999999,0,,0,
test,Persistence,0.175,Pt 10_FD10_1,Pt 10,68.59599999999999,1,0.4459999999999837,1,0.4459999999999837
test,Persistence,0.175,Pt 10_FD10_1,Pt 10,71.716,0,,0,
test,Persistence,0.175,Pt 10_FD10_1,Pt 10,73.996,1,1.445999999999998,1,1.445999999999998
test,Persistence,0.175,Pt 10_FD10_1,Pt 10,75.836,0,,0,
test,Persistence,0.175,Pt 10_FD10_1,Pt 10,79.696,1,1.2959999999999925,1,1.2959999999999925
test,Persistence,0.175,Pt 10_FD10_1,Pt 10,83.68599999999999,1,0.0359999999999871,1,0.0359999999999871
test,Persistence,0.175,Pt 10_FD10_1,Pt 10,86.87599999999999,0,,0,
test,Persistence,0.175,Pt 10_FD10_1,Pt 10,89.056,1,0.3059999999999974,1,0.3059999999999974
test,Persistence,0.175,Pt 10_FD10_2,Pt 10,81.416,1,0.8659999999999997,1,8.015999999999991
test,Persistence,0.175,Pt 10_FD10_2,Pt 10,85.836,0,,0,
test,Persistence,0.175,Pt 10_FD10_4,Pt 10,68.856,1,0.8559999999999945,1,4.155999999999992
test,Persistence,0.175,Pt 10_FD10_4,Pt 10,73.67599999999999,1,1.6259999999999906,1,4.375999999999991
test,Persistence,0.175,Pt 10_FD10_4,Pt 10,75.746,1,0.3459999999999894,1,0.3459999999999894
test,Persistence,0.175,Pt 10_FD10_4,Pt 10,80.966,1,0.965999999999994,1,3.116
test,Persistence,0.175,Pt 10_FD10_4,Pt 10,82.726,1,0.7259999999999991,1,0.7259999999999991
test,Persistence,0.175,Pt 18_FD18_2,Pt 18,62.826,0,,1,3.225999999999999
test,Persistence,0.175,Pt 18_FD18_2,Pt 18,65.256,0,,1,2.155999999999999
test,Persistence,0.175,Pt 18_FD18_2,Pt 18,69.306,1,0.456000000000003,1,0.456000000000003
test,Persistence,0.175,Pt 18_FD18_2,Pt 18,77.31599999999999,1,0.1659999999999826,1,0.1659999999999826
test,Persistence,0.175,Pt 18_FD18_3,Pt 18,62.196000000000005,0,,0,
test,Persistence,0.175,Pt 18_FD18_3,Pt 18,69.62599999999999,0,,1,6.525999999999989
test,Persistence,0.175,Pt 18_FD18_3,Pt 18,74.136,0,,1,2.5859999999999985
test,Persistence,0.175,Pt 18_FD18_3,Pt 18,75.90599999999999,1,1.005999999999986,1,1.005999999999986
test,Persistence,0.175,Pt 18_FD18_3,Pt 18,83.84599999999999,0,,1,7.845999999999989
test,Persistence,0.175,Pt 18_FD18_3,Pt 18,87.526,1,1.5259999999999962,1,3.426000000000002
test,Persistence,0.175,Pt 18_FD18_4,Pt 18,61.836,1,1.3359999999999983,1,1.3359999999999983
test,Persistence,0.175,Pt 18_FD18_4,Pt 18,64.196,0,,0,
test,Persistence,0.175,Pt 18_FD18_4,Pt 18,67.866,1,1.5660000000000025,1,3.116
test,Persistence,0.175,Pt 18_FD18_4,Pt 18,74.246,0,,1,6.245999999999995
test,Persistence,0.175,Pt 18_FD18_4,Pt 18,76.20599999999999,1,0.2059999999999888,1,1.905999999999992
test,Persistence,0.175,Pt 18_FD18_4,Pt 18,80.136,0,,0,
test,Persistence,0.175,Pt 18_FD18_5,Pt 18,59.876000000000005,1,0.1760000000000019,1,0.1760000000000019
test,Persistence,0.175,Pt 18_FD18_5,Pt 18,62.996,0,,0,
test,Persistence,0.175,Pt 18_FD18_5,Pt 18,66.636,1,0.0360000000000013,1,3.635999999999996
test,Persistence,0.175,Pt 18_FD18_5,Pt 18,75.95599999999999,1,1.2059999999999889,1,1.2059999999999889
test,Persistence,0.175,Pt 18_FD18_5,Pt 18,85.67599999999999,0,,0,
test,Persistence,0.175,Pt 20_FD20_2,Pt 20,63.386,0,,0,
test,Persistence,0.175,Pt 20_FD20_2,Pt 20,66.776,0,,0,
test,Persistence,0.175,Pt 20_FD20_2,Pt 20,75.556,1,0.1559999999999917,1,8.155999999999992
test,Persistence,0.175,Pt 20_FD20_2,Pt 20,78.446,0,,0,
test,Persistence,0.175,Pt 20_FD20_2,Pt 20,81.226,0,,0,
test,Persistence,0.175,Pt 20_FD20_2,Pt 20,83.076,1,0.0759999999999934,1,0.0759999999999934
test,Persistence,0.175,Pt 20_FD20_3,Pt 20,61.196000000000005,1,0.2960000000000065,1,0.2960000000000065
test,Persistence,0.175,Pt 20_FD20_3,Pt 20,65.226,0,,0,
test,Persistence,0.175,Pt 20_FD20_3,Pt 20,68.34599999999999,0,,1,2.445999999999984
test,Persistence,0.175,Pt 20_FD20_3,Pt 20,71.15599999999999,0,,1,2.3059999999999974
test,Persistence,0.175,Pt 20_FD20_3,Pt 20,76.336,1,0.1859999999999928,1,4.635999999999996
test,Persistence,0.175,Pt 20_FD20_4,Pt 20,62.916,0,,0,
test,Persistence,0.175,Pt 20_FD20_4,Pt 20,67.466,1,0.1659999999999968,1,4.415999999999997
test,Persistence,0.175,Pt 20_FD20_4,Pt 20,73.576,0,,0,
test,Persistence,0.175,Pt 20_FD20_4,Pt 20,76.20599999999999,0,,1,2.6059999999999945
test,Persistence,0.175,Pt 20_FD20_4,Pt 20,83.54599999999999,0,,1,6.845999999999989
test,Persistence,0.175,Pt 20_FD20_5,Pt 20,66.896,0,,0,
test,Persistence,0.175,Pt 20_FD20_5,Pt 20,70.976,0,,1,3.975999999999999
test,Persistence,0.175,Pt 20_FD20_5,Pt 20,78.276,0,,1,6.426000000000002
test,Persistence,0.175,Pt 20_FD20_5,Pt 20,88.776,0,,1,9.926000000000002
test,Persistence,0.175,Pt 20_FD20_6,Pt 20,60.296,0,,0,
test,Persistence,0.175,Pt 20_FD20_6,Pt 20,72.526,0,,1,11.775999999999996
test,Persistence,0.175,Pt 20_FD20_6,Pt 20,74.98599999999999,0,,1,2.135999999999996
test,Persistence,0.175,Pt 20_FD20_6,Pt 20,78.06599999999999,0,,0,
test,Persistence,0.175,Pt 20_FD20_6,Pt 20,81.646,0,,0,
test,Persistence,0.175,Pt 20_FD20_6,Pt 20,84.216,1,1.6659999999999968,1,2.0659999999999883
test,Persistence,0.175,Pt 20_FD20_6,Pt 20,87.836,0,,0,
test,Persistence,0.175,Pt 22_FD22_3,Pt 22,84.106,0,,1,16.465999999999994
test,Persistence,0.175,Pt 31_FD31_1,Pt 31,70.446,0,,0,
test,Persistence,0.175,Pt 31_FD31_1,Pt 31,83.87599999999999,1,0.1759999999999877,1,13.37599999999999
test,Persistence,0.175,Pt 31_FD31_2,Pt 31,71.90599999999999,0,,0,
test,Persistence,0.175,Pt 31_FD31_2,Pt 31,84.23599999999999,0,,1,11.685999999999993
test,Persistence,0.175,Pt 32_FD32_1,Pt 32,68.866,0,,1,9.265999999999998
test,Persistence,0.175,Pt 32_FD32_1,Pt 32,76.48599999999999,0,,0,
test,Persistence,0.175,Pt 32_FD32_1,Pt 32,86.17599999999999,0,,1,7.675999999999988
test,Persistence,0.175,Pt 33_FD33_1,Pt 33,71.806,1,0.4059999999999917,1,5.706000000000003
test,Persistence,0.175,Pt 33_FD33_1,Pt 33,85.116,1,0.2660000000000053,1,7.665999999999997
test,Persistence,0.175,Pt 33_FD33_1,Pt 33,91.156,1,1.255999999999986,1,1.255999999999986
test,Persistence,0.175,Pt 33_FD33_2,Pt 33,66.42599999999999,0,,0,
test,Persistence,0.175,Pt 33_FD33_2,Pt 33,75.946,0,,1,9.096000000000004
test,Persistence,0.175,Pt 33_FD33_2,Pt 33,80.636,0,,1,4.23599999999999
test,Persistence,0.175,Pt 33_FD33_2,Pt 33,86.56599999999999,1,0.0159999999999911,1,5.715999999999994
test,Persistence,0.175,Pt 33_FD33_2,Pt 33,90.766,0,,0,
test,Persistence,0.175,Pt 33_FD33_4,Pt 33,90.706,0,,1,3.1059999999999945
test,Persistence,0.175,Pt 33_FD33_5,Pt 33,74.62599999999999,1,1.5259999999999962,1,1.5259999999999962
test,Persistence,0.175,Pt 33_FD33_5,Pt 33,81.95599999999999,1,0.0559999999999831,1,4.005999999999986
test,Persistence,0.175,Pt 33_FD33_5,Pt 33,86.466,1,0.0159999999999911,1,0.0159999999999911
test,Persistence,0.175,Pt 33_FD33_5,Pt 33,91.916,1,1.0660000000000025,1,1.0660000000000025
test,Persistence,0.175,Pt 33_FD33_6,Pt 33,83.62599999999999,1,0.2759999999999962,1,7.925999999999988
test,Persistence,0.175,Pt 33_FD33_6,Pt 33,90.836,1,0.2860000000000013,1,0.2860000000000013
test,AC1,0.8,Pt 10_FD10_1,Pt 10,60.746,0,,0,
test,AC1,0.8,Pt 10_FD10_1,Pt 10,64.54599999999999,1,1.0459999999999925,1,2.245999999999995
test,AC1,0.8,Pt 10_FD10_1,Pt 10,68.59599999999999,1,1.0459999999999925,1,2.6459999999999866
test,AC1,0.8,Pt 10_FD10_1,Pt 10,71.716,0,,0,
test,AC1,0.8,Pt 10_FD10_1,Pt 10,73.996,0,,0,
test,AC1,0.8,Pt 10_FD10_1,Pt 10,75.836,1,0.3859999999999957,1,0.3859999999999957
test,AC1,0.8,Pt 10_FD10_1,Pt 10,79.696,0,,1,3.346000000000004
test,AC1,0.8,Pt 10_FD10_1,Pt 10,83.68599999999999,1,0.5359999999999872,1,3.5859999999999985
test,AC1,0.8,Pt 10_FD10_1,Pt 10,86.87599999999999,0,,0,
test,AC1,0.8,Pt 10_FD10_1,Pt 10,89.056,0,,1,1.7560000000000002
test,AC1,0.8,Pt 10_FD10_2,Pt 10,81.416,0,,1,20.965999999999998
test,AC1,0.8,Pt 10_FD10_2,Pt 10,85.836,0,,1,1.986000000000004
test,AC1,0.8,Pt 10_FD10_4,Pt 10,68.856,1,0.8059999999999974,1,8.055999999999997
test,AC1,0.8,Pt 10_FD10_4,Pt 10,73.67599999999999,1,0.9759999999999848,1,2.5759999999999934
test,AC1,0.8,Pt 10_FD10_4,Pt 10,75.746,1,0.9959999999999952,1,0.9959999999999952
test,AC1,0.8,Pt 10_FD10_4,Pt 10,80.966,1,0.0659999999999882,1,5.215999999999994
test,AC1,0.8,Pt 10_FD10_4,Pt 10,82.726,1,0.9759999999999992,1,0.9759999999999992
test,AC1,0.8,Pt 18_FD18_2,Pt 18,62.826,1,1.0260000000000034,1,2.526000000000004
test,AC1,0.8,Pt 18_FD18_2,Pt 18,65.256,1,0.3059999999999974,1,0.3059999999999974
test,AC1,0.8,Pt 18_FD18_2,Pt 18,69.306,0,,1,3.3059999999999974
test,AC1,0.8,Pt 18_FD18_2,Pt 18,77.31599999999999,1,0.6659999999999826,1,6.765999999999991
test,AC1,0.8,Pt 18_FD18_3,Pt 18,62.196000000000005,1,1.5960000000000036,1,1.5960000000000036
test,AC1,0.8,Pt 18_FD18_3,Pt 18,69.62599999999999,1,0.2759999999999962,1,5.525999999999996
test,AC1,0.8,Pt 18_FD18_3,Pt 18,74.136,1,1.0859999999999983,1,4.085999999999999
test,AC1,0.8,Pt 18_FD18_3,Pt 18,75.90599999999999,0,,0,
test,AC1,0.8,Pt 18_FD18_3,Pt 18,83.84599999999999,0,,1,6.095999999999989
test,AC1,0.8,Pt 18_FD18_3,Pt 18,87.526,0,,1,2.926000000000002
test,AC1,0.8,Pt 18_FD18_4,Pt 18,61.836,0,,1,2.235999999999997
test,AC1,0.8,Pt 18_FD18_4,Pt 18,64.196,1,1.0459999999999994,1,1.0459999999999994
test,AC1,0.8,Pt 18_FD18_4,Pt 18,67.866,0,,0,
test,AC1,0.8,Pt 18_FD18_4,Pt 18,74.246,0,,1,6.146000000000001
test,AC1,0.8,Pt 18_FD18_4,Pt 18,76.20599999999999,1,0.8059999999999832,1,0.8059999999999832
test,AC1,0.8,Pt 18_FD18_4,Pt 18,80.136,0,,1,3.8359999999999994
test,AC1,0.8,Pt 18_FD18_5,Pt 18,59.876000000000005,1,0.2760000000000033,1,0.2760000000000033
test,AC1,0.8,Pt 18_FD18_5,Pt 18,62.996,0,,0,
test,AC1,0.8,Pt 18_FD18_5,Pt 18,66.636,0,,1,3.385999999999996
test,AC1,0.8,Pt 18_FD18_5,Pt 18,75.95599999999999,0,,1,8.955999999999989
test,AC1,0.8,Pt 18_FD18_5,Pt 18,85.67599999999999,1,1.025999999999982,1,8.225999999999985
test,AC1,0.8,Pt 20_FD20_2,Pt 20,63.386,0,,0,
test,AC1,0.8,Pt 20_FD20_2,Pt 20,66.776,0,,1,1.8759999999999903
test,AC1,0.8,Pt 20_FD20_2,Pt 20,75.556,1,1.4059999999999917,1,8.405999999999992
test,AC1,0.8,Pt 20_FD20_2,Pt 20,78.446,1,1.0459999999999925,1,2.846000000000004
test,AC1,0.8,Pt 20_FD20_2,Pt 20,81.226,0,,1,2.0759999999999934
test,AC1,0.8,Pt 20_FD20_2,Pt 20,83.076,1,0.3259999999999934,1,1.8259999999999932
test,AC1,0.8,Pt 20_FD20_3,Pt 20,61.196000000000005,0,,0,
test,AC1,0.8,Pt 20_FD20_3,Pt 20,65.226,1,1.1260000000000048,1,3.225999999999999
test,AC1,0.8,Pt 20_FD20_3,Pt 20,68.34599999999999,0,,0,
test,AC1,0.8,Pt 20_FD20_3,Pt 20,71.15599999999999,1,0.9559999999999887,1,2.6059999999999945
test,AC1,0.8,Pt 20_FD20_3,Pt 20,76.336,0,,1,4.185999999999993
test,AC1,0.8,Pt 20_FD20_4,Pt 20,62.916,1,1.0160000000000051,1,2.0160000000000053
test,AC1,0.8,Pt 20_FD20_4,Pt 20,67.466,1,0.0159999999999911,1,2.3159999999999883
test,AC1,0.8,Pt 20_FD20_4,Pt 20,73.576,1,0.5259999999999962,1,4.425999999999988
test,AC1,0.8,Pt 20_FD20_4,Pt 20,76.20599999999999,1,0.255999999999986,1,0.255999999999986
test,AC1,0.8,Pt 20_FD20_4,Pt 20,83.54599999999999,0,,1,6.795999999999992
test,AC1,0.8,Pt 20_FD20_5,Pt 20,66.896,0,,1,7.295999999999999
test,AC1,0.8,Pt 20_FD20_5,Pt 20,70.976,1,1.2759999999999962,1,1.2759999999999962
test,AC1,0.8,Pt 20_FD20_5,Pt 20,78.276,0,,1,7.275999999999996
test,AC1,0.8,Pt 20_FD20_5,Pt 20,88.776,0,,1,10.075999999999992
test,AC1,0.8,Pt 20_FD20_6,Pt 20,60.296,1,0.5459999999999994,1,0.5459999999999994
test,AC1,0.8,Pt 20_FD20_6,Pt 20,72.526,1,1.225999999999999,1,11.325999999999992
test,AC1,0.8,Pt 20_FD20_6,Pt 20,74.98599999999999,1,1.0359999999999872,1,2.385999999999996
test,AC1,0.8,Pt 20_FD20_6,Pt 20,78.06599999999999,0,,1,2.765999999999991
test,AC1,0.8,Pt 20_FD20_6,Pt 20,81.646,0,,1,2.896000000000001
test,AC1,0.8,Pt 20_FD20_6,Pt 20,84.216,1,1.6659999999999968,1,1.6659999999999968
test,AC1,0.8,Pt 20_FD20_6,Pt 20,87.836,1,1.2860000000000014,1,3.486000000000004
test,AC1,0.8,Pt 22_FD22_3,Pt 22,84.106,1,0.2159999999999939,1,22.565999999999995
test,AC1,0.8,Pt 31_FD31_1,Pt 31,70.446,0,,1,9.245999999999997
test,AC1,0.8,Pt 31_FD31_1,Pt 31,83.87599999999999,0,,1,11.575999999999992
test,AC1,0.8,Pt 31_FD31_2,Pt 31,71.90599999999999,0,,1,10.55599999999999
test,AC1,0.8,Pt 31_FD31_2,Pt 31,84.23599999999999,1,0.6859999999999928,1,10.685999999999993
test,AC1,0.8,Pt 32_FD32_1,Pt 32,68.866,1,2.116,1,2.116
test,AC1,0.8,Pt 32_FD32_1,Pt 32,76.48599999999999,0,,1,5.835999999999984
test,AC1,0.8,Pt 32_FD32_1,Pt 32,86.17599999999999,0,,1,9.025999999999982
test,AC1,0.8,Pt 33_FD33_1,Pt 33,71.806,1,1.4059999999999917,1,3.655999999999992
test,AC1,0.8,Pt 33_FD33_1,Pt 33,85.116,0,,1,12.616
test,AC1,0.8,Pt 33_FD33_1,Pt 33,91.156,0,,1,3.205999999999989
test,AC1,0.8,Pt 33_FD33_2,Pt 33,66.42599999999999,0,,0,
test,AC1,0.8,Pt 33_FD33_2,Pt 33,75.946,0,,1,8.995999999999995
test,AC1,0.8,Pt 33_FD33_2,Pt 33,80.636,0,,1,4.036000000000001
test,AC1,0.8,Pt 33_FD33_2,Pt 33,86.56599999999999,0,,1,5.3659999999999854
test,AC1,0.8,Pt 33_FD33_2,Pt 33,90.766,1,1.6659999999999968,1,3.765999999999991
test,AC1,0.8,Pt 33_FD33_4,Pt 33,90.706,1,0.0559999999999831,1,0.0559999999999831
test,AC1,0.8,Pt 33_FD33_5,Pt 33,74.62599999999999,0,,1,7.675999999999988
test,AC1,0.8,Pt 33_FD33_5,Pt 33,81.95599999999999,0,,1,4.205999999999989
test,AC1,0.8,Pt 33_FD33_5,Pt 33,86.466,0,,1,4.065999999999988
test,AC1,0.8,Pt 33_FD33_5,Pt 33,91.916,1,0.465999999999994,1,5.015999999999991
test,AC1,0.8,Pt 33_FD33_6,Pt 33,83.62599999999999,0,,1,17.525999999999996
test,AC1,0.8,Pt 33_FD33_6,Pt 33,90.836,1,0.7860000000000014,1,7.185999999999993
test,Variance,0.75,Pt 10_FD10_1,Pt 10,60.746,0,,0,
test,Variance,0.75,Pt 10_FD10_1,Pt 10,64.54599999999999,0,,0,
test,Variance,0.75,Pt 10_FD10_1,Pt 10,68.59599999999999,0,,1,3.345999999999989
test,Variance,0.75,Pt 10_FD10_1,Pt 10,71.716,0,,0,
test,Variance,0.75,Pt 10_FD10_1,Pt 10,73.996,1,1.0959999999999894,1,1.0959999999999894
test,Variance,0.75,Pt 10_FD10_1,Pt 10,75.836,1,0.6859999999999928,1,0.6859999999999928
test,Variance,0.75,Pt 10_FD10_1,Pt 10,79.696,0,,0,
test,Variance,0.75,Pt 10_FD10_1,Pt 10,83.68599999999999,0,,0,
test,Variance,0.75,Pt 10_FD10_1,Pt 10,86.87599999999999,1,1.5259999999999962,1,1.5259999999999962
test,Variance,0.75,Pt 10_FD10_1,Pt 10,89.056,0,,0,
test,Variance,0.75,Pt 10_FD10_2,Pt 10,81.416,0,,1,19.416
test,Variance,0.75,Pt 10_FD10_2,Pt 10,85.836,0,,0,
test,Variance,0.75,Pt 10_FD10_4,Pt 10,68.856,0,,1,5.405999999999992
test,Variance,0.75,Pt 10_FD10_4,Pt 10,73.67599999999999,0,,0,
test,Variance,0.75,Pt 10_FD10_4,Pt 10,75.746,0,,0,
test,Variance,0.75,Pt 10_FD10_4,Pt 10,80.966,0,,0,
test,Variance,0.75,Pt 10_FD10_4,Pt 10,82.726,0,,0,
test,Variance,0.75,Pt 18_FD18_2,Pt 18,62.826,0,,0,
test,Variance,0.75,Pt 18_FD18_2,Pt 18,65.256,0,,0,
test,Variance,0.75,Pt 18_FD18_2,Pt 18,69.306,1,0.8559999999999945,1,0.8559999999999945
test,Variance,0.75,Pt 18_FD18_2,Pt 18,77.31599999999999,1,0.8159999999999883,1,0.8159999999999883
test,Variance,0.75,Pt 18_FD18_3,Pt 18,62.196000000000005,0,,0,
test,Variance,0.75,Pt 18_FD18_3,Pt 18,69.62599999999999,0,,0,
test,Variance,0.75,Pt 18_FD18_3,Pt 18,74.136,0,,0,
test,Variance,0.75,Pt 18_FD18_3,Pt 18,75.90599999999999,0,,0,
test,Variance,0.75,Pt 18_FD18_3,Pt 18,83.84599999999999,0,,0,
test,Variance,0.75,Pt 18_FD18_3,Pt 18,87.526,0,,0,
test,Variance,0.75,Pt 18_FD18_4,Pt 18,61.836,0,,1,2.235999999999997
test,Variance,0.75,Pt 18_FD18_4,Pt 18,64.196,1,1.3960000000000008,1,1.3960000000000008
test,Variance,0.75,Pt 18_FD18_4,Pt 18,67.866,0,,0,
test,Variance,0.75,Pt 18_FD18_4,Pt 18,74.246,1,0.7459999999999951,1,0.7459999999999951
test,Variance,0.75,Pt 18_FD18_4,Pt 18,76.20599999999999,0,,0,
test,Variance,0.75,Pt 18_FD18_4,Pt 18,80.136,0,,0,
test,Variance,0.75,Pt 18_FD18_5,Pt 18,59.876000000000005,1,0.2760000000000033,1,0.2760000000000033
test,Variance,0.75,Pt 18_FD18_5,Pt 18,62.996,0,,0,
test,Variance,0.75,Pt 18_FD18_5,Pt 18,66.636,0,,1,3.385999999999996
test,Variance,0.75,Pt 18_FD18_5,Pt 18,75.95599999999999,0,,1,7.255999999999986
test,Variance,0.75,Pt 18_FD18_5,Pt 18,85.67599999999999,1,1.1259999999999906,1,1.1259999999999906
test,Variance,0.75,Pt 20_FD20_2,Pt 20,63.386,0,,0,
test,Variance,0.75,Pt 20_FD20_2,Pt 20,66.776,0,,1,2.176000000000002
test,Variance,0.75,Pt 20_FD20_2,Pt 20,75.556,0,,1,7.055999999999997
test,Variance,0.75,Pt 20_FD20_2,Pt 20,78.446,0,,0,
test,Variance,0.75,Pt 20_FD20_2,Pt 20,81.226,0,,0,
test,Variance,0.75,Pt 20_FD20_2,Pt 20,83.076,0,,0,
test,Variance,0.75,Pt 20_FD20_3,Pt 20,61.196000000000005,1,1.5960000000000036,1,1.5960000000000036
test,Variance,0.75,Pt 20_FD20_3,Pt 20,65.226,0,,0,
test,Variance,0.75,Pt 20_FD20_3,Pt 20,68.34599999999999,0,,0,
test,Variance,0.75,Pt 20_FD20_3,Pt 20,71.15599999999999,0,,0,
test,Variance,0.75,Pt 20_FD20_3,Pt 20,76.336,0,,1,3.0859999999999985
test,Variance,0.75,Pt 20_FD20_4,Pt 20,62.916,1,0.216000000000001,1,0.216000000000001
test,Variance,0.75,Pt 20_FD20_4,Pt 20,67.466,0,,0,
test,Variance,0.75,Pt 20_FD20_4,Pt 20,73.576,1,0.7259999999999991,1,0.7259999999999991
test,Variance,0.75,Pt 20_FD20_4,Pt 20,76.20599999999999,1,0.6559999999999917,1,0.6559999999999917
test,Variance,0.75,Pt 20_FD20_4,Pt 20,83.54599999999999,0,,1,5.445999999999998
test,Variance,0.75,Pt 20_FD20_5,Pt 20,66.896,0,,1,5.445999999999998
test,Variance,0.75,Pt 20_FD20_5,Pt 20,70.976,0,,0,
test,Variance,0.75,Pt 20_FD20_5,Pt 20,78.276,0,,0,
test,Variance,0.75,Pt 20_FD20_5,Pt 20,88.776,0,,1,1.725999999999999
test,Variance,0.75,Pt 20_FD20_6,Pt 20,60.296,0,,0,
test,Variance,0.75,Pt 20_FD20_6,Pt 20,72.526,0,,1,11.875999999999998
test,Variance,0.75,Pt 20_FD20_6,Pt 20,74.98599999999999,0,,0,
test,Variance,0.75,Pt 20_FD20_6,Pt 20,78.06599999999999,0,,0,
test,Variance,0.75,Pt 20_FD20_6,Pt 20,81.646,0,,0,
test,Variance,0.75,Pt 20_FD20_6,Pt 20,84.216,0,,0,
test,Variance,0.75,Pt 20_FD20_6,Pt 20,87.836,0,,0,
test,Variance,0.75,Pt 22_FD22_3,Pt 22,84.106,0,,1,16.01599999999999
test,Variance,0.75,Pt 31_FD31_1,Pt 31,70.446,1,0.0459999999999922,1,9.396
test,Variance,0.75,Pt 31_FD31_1,Pt 31,83.87599999999999,1,0.7259999999999849,1,7.325999999999993
test,Variance,0.75,Pt 31_FD31_2,Pt 31,71.90599999999999,1,0.9059999999999916,1,10.80599999999999
test,Variance,0.75,Pt 31_FD31_2,Pt 31,84.23599999999999,1,1.0859999999999843,1,2.035999999999987
test,Variance,0.75,Pt 32_FD32_1,Pt 32,68.866,0,,0,
test,Variance,0.75,Pt 32_FD32_1,Pt 32,76.48599999999999,0,,0,
test,Variance,0.75,Pt 32_FD32_1,Pt 32,86.17599999999999,0,,0,
test,Variance,0.75,Pt 33_FD33_1,Pt 33,71.806,0,,0,
test,Variance,0.75,Pt 33_FD33_1,Pt 33,85.116,1,0.2660000000000053,1,12.165999999999997
test,Variance,0.75,Pt 33_FD33_1,Pt 33,91.156,0,,0,
test,Variance,0.75,Pt 33_FD33_2,Pt 33,66.42599999999999,1,0.3259999999999934,1,0.3259999999999934
test,Variance,0.75,Pt 33_FD33_2,Pt 33,75.946,1,1.8960000000000008,1,1.8960000000000008
test,Variance,0.75,Pt 33_FD33_2,Pt 33,80.636,0,,0,
test,Variance,0.75,Pt 33_FD33_2,Pt 33,86.56599999999999,0,,0,
test,Variance,0.75,Pt 33_FD33_2,Pt 33,90.766,0,,0,
test,Variance,0.75,Pt 33_FD33_4,Pt 33,90.706,0,,1,24.605999999999995
test,Variance,0.75,Pt 33_FD33_5,Pt 33,74.62599999999999,0,,0,
test,Variance,0.75,Pt 33_FD33_5,Pt 33,81.95599999999999,1,0.2059999999999888,1,5.8559999999999945
test,Variance,0.75,Pt 33_FD33_5,Pt 33,86.466,1,0.1159999999999996,1,0.1159999999999996
test,Variance,0.75,Pt 33_FD33_5,Pt 33,91.916,0,,0,
test,Variance,0.75,Pt 33_FD33_6,Pt 33,83.62599999999999,0,,1,17.525999999999996
test,Variance,0.75,Pt 33_FD33_6,Pt 33,90.836,0,,0,
test,Recovery,0.75,Pt 10_FD10_1,Pt 10,60.746,0,,0,
test,Recovery,0.75,Pt 10_FD10_1,Pt 10,64.54599999999999,1,1.0459999999999925,1,3.095999999999989
test,Recovery,0.75,Pt 10_FD10_1,Pt 10,68.59599999999999,1,0.7959999999999923,1,0.7959999999999923
test,Recovery,0.75,Pt 10_FD10_1,Pt 10,71.716,0,,1,1.965999999999994
test,Recovery,0.75,Pt 10_FD10_1,Pt 10,73.996,1,1.2459999999999951,1,1.2459999999999951
test,Recovery,0.75,Pt 10_FD10_1,Pt 10,75.836,1,1.3859999999999957,1,1.3859999999999957
test,Recovery,0.75,Pt 10_FD10_1,Pt 10,79.696,0,,1,3.346000000000004
test,Recovery,0.75,Pt 10_FD10_1,Pt 10,83.68599999999999,1,0.7859999999999872,1,0.7859999999999872
test,Recovery,0.75,Pt 10_FD10_1,Pt 10,86.87599999999999,1,1.0759999999999934,1,1.0759999999999934
test,Recovery,0.75,Pt 10_FD10_1,Pt 10,89.056,0,,1,1.956000000000003
test,Recovery,0.75,Pt 10_FD10_2,Pt 10,81.416,1,0.9159999999999968,1,21.565999999999995
test,Recovery,0.75,Pt 10_FD10_2,Pt 10,85.836,0,,1,2.385999999999996
test,Recovery,0.75,Pt 10_FD10_4,Pt 10,68.856,1,1.3059999999999974,1,9.155999999999992
test,Recovery,0.75,Pt 10_FD10_4,Pt 10,73.67599999999999,1,1.6259999999999906,1,4.625999999999991
test,Recovery,0.75,Pt 10_FD10_4,Pt 10,75.746,1,1.445999999999998,1,1.445999999999998
test,Recovery,0.75,Pt 10_FD10_4,Pt 10,80.966,1,0.4159999999999968,1,4.515999999999991
test,Recovery,0.75,Pt 10_FD10_4,Pt 10,82.726,1,1.0259999999999962,1,1.0259999999999962
test,Recovery,0.75,Pt 18_FD18_2,Pt 18,62.826,1,1.0260000000000034,1,3.026000000000004
test,Recovery,0.75,Pt 18_FD18_2,Pt 18,65.256,1,0.8059999999999974,1,2.0559999999999974
test,Recovery,0.75,Pt 18_FD18_2,Pt 18,69.306,1,0.6059999999999945,1,3.3059999999999974
test,Recovery,0.75,Pt 18_FD18_2,Pt 18,77.31599999999999,1,0.715999999999994,1,7.315999999999988
test,Recovery,0.75,Pt 18_FD18_3,Pt 18,62.196000000000005,0,,1,2.346000000000004
test,Recovery,0.75,Pt 18_FD18_3,Pt 18,69.62599999999999,1,1.2259999999999849,1,4.425999999999988
test,Recovery,0.75,Pt 18_FD18_3,Pt 18,74.136,1,0.1859999999999928,1,4.185999999999993
test,Recovery,0.75,Pt 18_FD18_3,Pt 18,75.90599999999999,0,,0,
test,Recovery,0.75,Pt 18_FD18_3,Pt 18,83.84599999999999,1,1.4959999999999951,1,6.145999999999987
test,Recovery,0.75,Pt 18_FD18_3,Pt 18,87.526,1,0.2759999999999962,1,2.975999999999999
test,Recovery,0.75,Pt 18_FD18_4,Pt 18,61.836,0,,1,2.235999999999997
test,Recovery,0.75,Pt 18_FD18_4,Pt 18,64.196,1,1.6460000000000008,1,1.9959999999999951
test,Recovery,0.75,Pt 18_FD18_4,Pt 18,67.866,1,0.3659999999999996,1,0.3659999999999996
test,Recovery,0.75,Pt 18_FD18_4,Pt 18,74.246,0,,1,6.095999999999989
test,Recovery,0.75,Pt 18_FD18_4,Pt 18,76.20599999999999,1,0.8059999999999832,1,0.8059999999999832
test,Recovery,0.75,Pt 18_FD18_4,Pt 18,80.136,0,,1,3.786000000000002
test,Recovery,0.75,Pt 18_FD18_5,Pt 18,59.876000000000005,1,0.2760000000000033,1,0.2760000000000033
test,Recovery,0.75,Pt 18_FD18_5,Pt 18,62.996,1,0.2959999999999994,1,0.2959999999999994
test,Recovery,0.75,Pt 18_FD18_5,Pt 18,66.636,0,,1,3.0359999999999943
test,Recovery,0.75,Pt 18_FD18_5,Pt 18,75.95599999999999,0,,1,9.055999999999983
test,Recovery,0.75,Pt 18_FD18_5,Pt 18,85.67599999999999,1,0.9259999999999876,1,9.075999999999992
test,Recovery,0.75,Pt 20_FD20_2,Pt 20,63.386,0,,0,
test,Recovery,0.75,Pt 20_FD20_2,Pt 20,66.776,0,,1,1.8759999999999903
test,Recovery,0.75,Pt 20_FD20_2,Pt 20,75.556,1,0.3559999999999945,1,8.405999999999992
test,Recovery,0.75,Pt 20_FD20_2,Pt 20,78.446,1,1.0459999999999925,1,1.0459999999999925
test,Recovery,0.75,Pt 20_FD20_2,Pt 20,81.226,1,0.8760000000000048,1,2.225999999999999
test,Recovery,0.75,Pt 20_FD20_2,Pt 20,83.076,0,,0,
test,Recovery,0.75,Pt 20_FD20_3,Pt 20,61.196000000000005,1,0.9960000000000022,1,0.9960000000000022
test,Recovery,0.75,Pt 20_FD20_3,Pt 20,65.226,1,0.1760000000000019,1,1.975999999999999
test,Recovery,0.75,Pt 20_FD20_3,Pt 20,68.34599999999999,0,,0,
test,Recovery,0.75,Pt 20_FD20_3,Pt 20,71.15599999999999,1,1.4059999999999917,1,2.205999999999989
test,Recovery,0.75,Pt 20_FD20_3,Pt 20,76.336,1,0.2860000000000013,1,4.585999999999999
test,Recovery,0.75,Pt 20_FD20_4,Pt 20,62.916,1,1.0160000000000051,1,1.716000000000001
test,Recovery,0.75,Pt 20_FD20_4,Pt 20,67.466,1,1.0159999999999911,1,4.3659999999999926
test,Recovery,0.75,Pt 20_FD20_4,Pt 20,73.576,1,0.6259999999999906,1,4.875999999999991
test,Recovery,0.75,Pt 20_FD20_4,Pt 20,76.20599999999999,1,0.8059999999999832,1,0.8059999999999832
test,Recovery,0.75,Pt 20_FD20_4,Pt 20,83.54599999999999,0,,1,6.995999999999995
test,Recovery,0.75,Pt 20_FD20_5,Pt 20,66.896,0,,1,7.295999999999999
test,Recovery,0.75,Pt 20_FD20_5,Pt 20,70.976,1,0.6260000000000048,1,1.5759999999999934
test,Recovery,0.75,Pt 20_FD20_5,Pt 20,78.276,1,0.8259999999999934,1,5.325999999999993
test,Recovery,0.75,Pt 20_FD20_5,Pt 20,88.776,0,,1,10.325999999999992
test,Recovery,0.75,Pt 20_FD20_6,Pt 20,60.296,1,0.695999999999998,1,0.695999999999998
test,Recovery,0.75,Pt 20_FD20_6,Pt 20,72.526,1,1.225999999999999,1,10.025999999999996
test,Recovery,0.75,Pt 20_FD20_6,Pt 20,74.98599999999999,1,0.73599999999999,1,2.435999999999993
test,Recovery,0.75,Pt 20_FD20_6,Pt 20,78.06599999999999,0,,1,2.765999999999991
test,Recovery,0.75,Pt 20_FD20_6,Pt 20,81.646,0,,1,2.896000000000001
test,Recovery,0.75,Pt 20_FD20_6,Pt 20,84.216,1,1.6159999999999997,1,1.6159999999999997
test,Recovery,0.75,Pt 20_FD20_6,Pt 20,87.836,1,1.2360000000000042,1,3.5360000000000014
test,Recovery,0.75,Pt 22_FD22_3,Pt 22,84.106,1,0.3659999999999996,1,23.365999999999996
test,Recovery,0.75,Pt 31_FD31_1,Pt 31,70.446,0,,1,10.845999999999997
test,Recovery,0.75,Pt 31_FD31_1,Pt 31,83.87599999999999,0,,1,12.025999999999996
test,Recovery,0.75,Pt 31_FD31_2,Pt 31,71.90599999999999,1,0.8559999999999945,1,10.605999999999996
test,Recovery,0.75,Pt 31_FD31_2,Pt 31,84.23599999999999,1,0.6359999999999957,1,11.185999999999993
test,Recovery,0.75,Pt 32_FD32_1,Pt 32,68.866,0,,1,5.015999999999998
test,Recovery,0.75,Pt 32_FD32_1,Pt 32,76.48599999999999,0,,1,7.535999999999987
test,Recovery,0.75,Pt 32_FD32_1,Pt 32,86.17599999999999,0,,1,9.025999999999982
test,Recovery,0.75,Pt 33_FD33_1,Pt 33,71.806,0,,1,5.706000000000003
test,Recovery,0.75,Pt 33_FD33_1,Pt 33,85.116,0,,1,12.066000000000004
test,Recovery,0.75,Pt 33_FD33_1,Pt 33,91.156,1,0.1059999999999945,1,3.205999999999989
test,Recovery,0.75,Pt 33_FD33_2,Pt 33,66.42599999999999,1,0.3259999999999934,1,0.3259999999999934
test,Recovery,0.75,Pt 33_FD33_2,Pt 33,75.946,1,1.7459999999999951,1,8.646
test,Recovery,0.75,Pt 33_FD33_2,Pt 33,80.636,1,1.0859999999999983,1,3.885999999999996
test,Recovery,0.75,Pt 33_FD33_2,Pt 33,86.56599999999999,0,,1,2.215999999999994
test,Recovery,0.75,Pt 33_FD33_2,Pt 33,90.766,1,1.715999999999994,1,4.165999999999997
test,Recovery,0.75,Pt 33_FD33_4,Pt 33,90.706,1,1.9559999999999889,1,24.605999999999995
test,Recovery,0.75,Pt 33_FD33_5,Pt 33,74.62599999999999,0,,1,8.425999999999988
test,Recovery,0.75,Pt 33_FD33_5,Pt 33,81.95599999999999,0,,1,5.6059999999999945
test,Recovery,0.75,Pt 33_FD33_5,Pt 33,86.466,0,,1,4.015999999999991
test,Recovery,0.75,Pt 33_FD33_5,Pt 33,91.916,1,0.8160000000000025,1,5.265999999999991
test,Recovery,0.75,Pt 33_FD33_6,Pt 33,83.62599999999999,1,0.5759999999999934,1,17.525999999999996
test,Recovery,0.75,Pt 33_FD33_6,Pt 33,90.836,1,0.9860000000000042,1,6.635999999999996
test,Reddening,0.7,Pt 10_FD10_1,Pt 10,60.746,0,,0,
test,Reddening,0.7,Pt 10_FD10_1,Pt 10,64.54599999999999,0,,1,2.3959999999999937
test,Reddening,0.7,Pt 10_FD10_1,Pt 10,68.59599999999999,1,1.5459999999999925,1,3.2959999999999923
test,Reddening,0.7,Pt 10_FD10_1,Pt 10,71.716,0,,1,2.116
test,Reddening,0.7,Pt 10_FD10_1,Pt 10,73.996,0,,0,
test,Reddening,0.7,Pt 10_FD10_1,Pt 10,75.836,1,0.9359999999999928,1,0.9359999999999928
test,Reddening,0.7,Pt 10_FD10_1,Pt 10,79.696,0,,0,
test,Reddening,0.7,Pt 10_FD10_1,Pt 10,83.68599999999999,0,,0,
test,Reddening,0.7,Pt 10_FD10_1,Pt 10,86.87599999999999,0,,1,1.7759999999999962
test,Reddening,0.7,Pt 10_FD10_1,Pt 10,89.056,0,,0,
test,Reddening,0.7,Pt 10_FD10_2,Pt 10,81.416,0,,1,19.266
test,Reddening,0.7,Pt 10_FD10_2,Pt 10,85.836,1,1.3859999999999957,1,1.3859999999999957
test,Reddening,0.7,Pt 10_FD10_4,Pt 10,68.856,1,1.8559999999999943,1,8.805999999999997
test,Reddening,0.7,Pt 10_FD10_4,Pt 10,73.67599999999999,0,,0,
test,Reddening,0.7,Pt 10_FD10_4,Pt 10,75.746,0,,0,
test,Reddening,0.7,Pt 10_FD10_4,Pt 10,80.966,0,,1,2.415999999999997
test,Reddening,0.7,Pt 10_FD10_4,Pt 10,82.726,0,,0,
test,Reddening,0.7,Pt 18_FD18_2,Pt 18,62.826,0,,1,2.776000000000004
test,Reddening,0.7,Pt 18_FD18_2,Pt 18,65.256,1,0.906000000000006,1,0.906000000000006
test,Reddening,0.7,Pt 18_FD18_2,Pt 18,69.306,0,,0,
test,Reddening,0.7,Pt 18_FD18_2,Pt 18,77.31599999999999,0,,1,7.315999999999988
test,Reddening,0.7,Pt 18_FD18_3,Pt 18,62.196000000000005,0,,0,
test,Reddening,0.7,Pt 18_FD18_3,Pt 18,69.62599999999999,1,0.6759999999999877,1,6.875999999999991
test,Reddening,0.7,Pt 18_FD18_3,Pt 18,74.136,1,1.0360000000000014,1,1.0360000000000014
test,Reddening,0.7,Pt 18_FD18_3,Pt 18,75.90599999999999,0,,0,
test,Reddening,0.7,Pt 18_FD18_3,Pt 18,83.84599999999999,0,,1,6.895999999999987
test,Reddening,0.7,Pt 18_FD18_3,Pt 18,87.526,0,,0,
test,Reddening,0.7,Pt 18_FD18_4,Pt 18,61.836,0,,0,
test,Reddening,0.7,Pt 18_FD18_4,Pt 18,64.196,1,1.445999999999998,1,1.445999999999998
test,Reddening,0.7,Pt 18_FD18_4,Pt 18,67.866,0,,0,
test,Reddening,0.7,Pt 18_FD18_4,Pt 18,74.246,0,,1,3.195999999999998
test,Reddening,0.7,Pt 18_FD18_4,Pt 18,76.20599999999999,0,,0,
test,Reddening,0.7,Pt 18_FD18_4,Pt 18,80.136,0,,1,2.5360000000000014
test,Reddening,0.7,Pt 18_FD18_5,Pt 18,59.876000000000005,1,0.2760000000000033,1,0.2760000000000033
test,Reddening,0.7,Pt 18_FD18_5,Pt 18,62.996,1,1.2959999999999994,1,1.2959999999999994
test,Reddening,0.7,Pt 18_FD18_5,Pt 18,66.636,0,,1,3.435999999999993
test,Reddening,0.7,Pt 18_FD18_5,Pt 18,75.95599999999999,0,,0,
test,Reddening,0.7,Pt 18_FD18_5,Pt 18,85.67599999999999,0,,1,9.075999999999992
test,Reddening,0.7,Pt 20_FD20_2,Pt 20,63.386,0,,0,
test,Reddening,0.7,Pt 20_FD20_2,Pt 20,66.776,0,,1,1.676000000000002
test,Reddening,0.7,Pt 20_FD20_2,Pt 20,75.556,0,,1,8.456000000000003
test,Reddening,0.7,Pt 20_FD20_2,Pt 20,78.446,0,,1,2.445999999999998
test,Reddening,0.7,Pt 20_FD20_2,Pt 20,81.226,0,,0,
test,Reddening,0.7,Pt 20_FD20_2,Pt 20,83.076,0,,1,1.8259999999999932
test,Reddening,0.7,Pt 20_FD20_3,Pt 20,61.196000000000005,0,,0,
test,Reddening,0.7,Pt 20_FD20_3,Pt 20,65.226,0,,1,2.3759999999999977
test,Reddening,0.7,Pt 20_FD20_3,Pt 20,68.34599999999999,0,,0,
test,Reddening,0.7,Pt 20_FD20_3,Pt 20,71.15599999999999,0,,0,
test,Reddening,0.7,Pt 20_FD20_3,Pt 20,76.336,0,,1,2.935999999999993
test,Reddening,0.7,Pt 20_FD20_4,Pt 20,62.916,0,,1,3.216000000000001
test,Reddening,0.7,Pt 20_FD20_4,Pt 20,67.466,0,,0,
test,Reddening,0.7,Pt 20_FD20_4,Pt 20,73.576,0,,1,5.575999999999993
test,Reddening,0.7,Pt 20_FD20_4,Pt 20,76.20599999999999,0,,0,
test,Reddening,0.7,Pt 20_FD20_4,Pt 20,83.54599999999999,0,,1,5.245999999999995
test,Reddening,0.7,Pt 20_FD20_5,Pt 20,66.896,0,,1,7.295999999999999
test,Reddening,0.7,Pt 20_FD20_5,Pt 20,70.976,0,,0,
test,Reddening,0.7,Pt 20_FD20_5,Pt 20,78.276,1,1.0759999999999934,1,2.225999999999999
test,Reddening,0.7,Pt 20_FD20_5,Pt 20,88.776,0,,1,8.075999999999993
test,Reddening,0.7,Pt 20_FD20_6,Pt 20,60.296,0,,0,
test,Reddening,0.7,Pt 20_FD20_6,Pt 20,72.526,0,,1,10.726
test,Reddening,0.7,Pt 20_FD20_6,Pt 20,74.98599999999999,1,0.4359999999999928,1,0.4359999999999928
test,Reddening,0.7,Pt 20_FD20_6,Pt 20,78.06599999999999,0,,0,
test,Reddening,0.7,Pt 20_FD20_6,Pt 20,81.646,0,,0,
test,Reddening,0.7,Pt 20_FD20_6,Pt 20,84.216,1,0.2159999999999939,1,0.2159999999999939
test,Reddening,0.7,Pt 20_FD20_6,Pt 20,87.836,1,1.1359999999999957,1,1.1359999999999957
test,Reddening,0.7,Pt 22_FD22_3,Pt 22,84.106,0,,1,23.365999999999996
test,Reddening,0.7,Pt 31_FD31_1,Pt 31,70.446,0,,1,10.845999999999997
test,Reddening,0.7,Pt 31_FD31_1,Pt 31,83.87599999999999,0,,1,11.925999999999988
test,Reddening,0.7,Pt 31_FD31_2,Pt 31,71.90599999999999,0,,1,12.205999999999989
test,Reddening,0.7,Pt 31_FD31_2,Pt 31,84.23599999999999,1,0.23599999999999,1,10.635999999999996
test,Reddening,0.7,Pt 32_FD32_1,Pt 32,68.866,1,0.715999999999994,1,8.966000000000001
test,Reddening,0.7,Pt 32_FD32_1,Pt 32,76.48599999999999,1,0.8359999999999843,1,3.035999999999987
test,Reddening,0.7,Pt 32_FD32_1,Pt 32,86.17599999999999,1,0.9759999999999848,1,7.125999999999991
test,Reddening,0.7,Pt 33_FD33_1,Pt 33,71.806,1,1.456000000000003,1,1.456000000000003
test,Reddening,0.7,Pt 33_FD33_1,Pt 33,85.116,0,,1,12.866
test,Reddening,0.7,Pt 33_FD33_1,Pt 33,91.156,0,,1,3.3059999999999974
test,Reddening,0.7,Pt 33_FD33_2,Pt 33,66.42599999999999,1,0.3259999999999934,1,0.3259999999999934
test,Reddening,0.7,Pt 33_FD33_2,Pt 33,75.946,0,,0,
test,Reddening,0.7,Pt 33_FD33_2,Pt 33,80.636,0,,1,4.585999999999999
test,Reddening,0.7,Pt 33_FD33_2,Pt 33,86.56599999999999,0,,1,5.515999999999991
test,Reddening,0.7,Pt 33_FD33_2,Pt 33,90.766,1,1.6159999999999854,1,1.6159999999999854
test,Reddening,0.7,Pt 33_FD33_4,Pt 33,90.706,1,0.4059999999999917,1,24.605999999999995
test,Reddening,0.7,Pt 33_FD33_5,Pt 33,74.62599999999999,1,0.6259999999999906,1,8.525999999999996
test,Reddening,0.7,Pt 33_FD33_5,Pt 33,81.95599999999999,0,,1,5.6059999999999945
test,Reddening,0.7,Pt 33_FD33_5,Pt 33,86.466,0,,1,4.465999999999994
test,Reddening,0.7,Pt 33_FD33_5,Pt 33,91.916,0,,1,5.165999999999997
test,Reddening,0.7,Pt 33_FD33_6,Pt 33,83.62599999999999,1,0.2259999999999848,1,17.525999999999996
test,Reddening,0.7,Pt 33_FD33_6,Pt 33,90.836,1,0.9359999999999928,1,3.5859999999999985
test,State-history,0.175,Pt 10_FD10_1,Pt 10,60.746,1,1.1460000000000008,1,1.1460000000000008
test,State-history,0.175,Pt 10_FD10_1,Pt 10,64.54599999999999,1,0.2459999999999951,1,0.2459999999999951
test,State-history,0.175,Pt 10_FD10_1,Pt 10,68.59599999999999,1,1.0959999999999894,1,1.0959999999999894
test,State-history,0.175,Pt 10_FD10_1,Pt 10,71.716,0,,0,
test,State-history,0.175,Pt 10_FD10_1,Pt 10,73.996,0,,1,1.6460000000000008
test,State-history,0.175,Pt 10_FD10_1,Pt 10,75.836,0,,0,
test,State-history,0.175,Pt 10_FD10_1,Pt 10,79.696,1,0.0459999999999922,1,1.6460000000000008
test,State-history,0.175,Pt 10_FD10_1,Pt 10,83.68599999999999,1,1.1359999999999957,1,2.785999999999987
test,State-history,0.175,Pt 10_FD10_1,Pt 10,86.87599999999999,0,,1,2.5759999999999934
test,State-history,0.175,Pt 10_FD10_1,Pt 10,89.056,1,0.5559999999999974,1,0.5559999999999974
test,State-history,0.175,Pt 10_FD10_2,Pt 10,81.416,1,0.9159999999999968,1,9.965999999999994
test,State-history,0.175,Pt 10_FD10_2,Pt 10,85.836,0,,0,
test,State-history,0.175,Pt 10_FD10_4,Pt 10,68.856,1,0.8559999999999945,1,4.455999999999989
test,State-history,0.175,Pt 10_FD10_4,Pt 10,73.67599999999999,1,1.7259999999999849,1,4.375999999999991
test,State-history,0.175,Pt 10_FD10_4,Pt 10,75.746,1,0.8960000000000008,1,0.8960000000000008
test,State-history,0.175,Pt 10_FD10_4,Pt 10,80.966,1,0.965999999999994,1,3.165999999999997
test,State-history,0.175,Pt 10_FD10_4,Pt 10,82.726,1,0.8259999999999934,1,0.8259999999999934
test,State-history,0.175,Pt 18_FD18_2,Pt 18,62.826,0,,1,3.225999999999999
test,State-history,0.175,Pt 18_FD18_2,Pt 18,65.256,0,,1,2.3059999999999974
test,State-history,0.175,Pt 18_FD18_2,Pt 18,69.306,1,0.8559999999999945,1,0.8559999999999945
test,State-history,0.175,Pt 18_FD18_2,Pt 18,77.31599999999999,1,1.0659999999999883,1,1.0659999999999883
test,State-history,0.175,Pt 18_FD18_3,Pt 18,62.196000000000005,1,1.4960000000000022,1,2.246000000000002
test,State-history,0.175,Pt 18_FD18_3,Pt 18,69.62599999999999,1,0.0759999999999934,1,6.025999999999989
test,State-history,0.175,Pt 18_FD18_3,Pt 18,74.136,0,,1,2.885999999999996
test,State-history,0.175,Pt 18_FD18_3,Pt 18,75.90599999999999,1,1.505999999999986,1,1.505999999999986
test,State-history,0.175,Pt 18_FD18_3,Pt 18,83.84599999999999,0,,1,7.895999999999987
test,State-history,0.175,Pt 18_FD18_3,Pt 18,87.526,1,0.6760000000000019,1,3.525999999999996
test,State-history,0.175,Pt 18_FD18_4,Pt 18,61.836,1,1.5859999999999983,1,1.5859999999999983
test,State-history,0.175,Pt 18_FD18_4,Pt 18,64.196,1,0.2459999999999951,1,0.2459999999999951
test,State-history,0.175,Pt 18_FD18_4,Pt 18,67.866,1,1.6659999999999968,1,3.415999999999997
test,State-history,0.175,Pt 18_FD18_4,Pt 18,74.246,1,1.6460000000000008,1,1.6460000000000008
test,State-history,0.175,Pt 18_FD18_4,Pt 18,76.20599999999999,1,0.755999999999986,1,0.755999999999986
test,State-history,0.175,Pt 18_FD18_4,Pt 18,80.136,1,0.73599999999999,1,0.73599999999999
test,State-history,0.175,Pt 18_FD18_5,Pt 18,59.876000000000005,1,0.2760000000000033,1,0.2760000000000033
test,State-history,0.175,Pt 18_FD18_5,Pt 18,62.996,1,0.196000000000005,1,2.046
test,State-history,0.175,Pt 18_FD18_5,Pt 18,66.636,1,0.1359999999999956,1,0.1359999999999956
test,State-history,0.175,Pt 18_FD18_5,Pt 18,75.95599999999999,1,1.3559999999999943,1,5.955999999999989
test,State-history,0.175,Pt 18_FD18_5,Pt 18,85.67599999999999,1,0.1759999999999877,1,0.1759999999999877
test,State-history,0.175,Pt 20_FD20_2,Pt 20,63.386,1,0.1360000000000027,1,0.1360000000000027
test,State-history,0.175,Pt 20_FD20_2,Pt 20,66.776,1,0.2259999999999991,1,0.2259999999999991
test,State-history,0.175,Pt 20_FD20_2,Pt 20,75.556,1,0.3559999999999945,1,8.355999999999995
test,State-history,0.175,Pt 20_FD20_2,Pt 20,78.446,1,0.5459999999999923,1,2.0459999999999923
test,State-history,0.175,Pt 20_FD20_2,Pt 20,81.226,1,0.6260000000000048,1,0.6260000000000048
test,State-history,0.175,Pt 20_FD20_2,Pt 20,83.076,1,0.5259999999999962,1,0.5259999999999962
test,State-history,0.175,Pt 20_FD20_3,Pt 20,61.196000000000005,1,0.4960000000000022,1,0.4960000000000022
test,State-history,0.175,Pt 20_FD20_3,Pt 20,65.226,0,,1,1.7759999999999962
test,State-history,0.175,Pt 20_FD20_3,Pt 20,68.34599999999999,1,1.0459999999999925,1,2.745999999999995
test,State-history,0.175,Pt 20_FD20_3,Pt 20,71.15599999999999,1,0.8559999999999945,1,2.655999999999992
test,State-history,0.175,Pt 20_FD20_3,Pt 20,76.336,1,0.2860000000000013,1,4.736000000000004
test,State-history,0.175,Pt 20_FD20_4,Pt 20,62.916,1,0.0160000000000053,1,2.3660000000000068
test,State-history,0.175,Pt 20_FD20_4,Pt 20,67.466,1,0.465999999999994,1,0.465999999999994
test,State-history,0.175,Pt 20_FD20_4,Pt 20,73.576,1,0.0259999999999962,1,0.0259999999999962
test,State-history,0.175,Pt 20_FD20_4,Pt 20,76.20599999999999,0,,0,
test,State-history,0.175,Pt 20_FD20_4,Pt 20,83.54599999999999,1,0.1959999999999979,1,7.245999999999995
test,State-history,0.175,Pt 20_FD20_5,Pt 20,66.896,1,0.1959999999999979,1,0.1959999999999979
test,State-history,0.175,Pt 20_FD20_5,Pt 20,70.976,1,0.1760000000000019,1,2.8760000000000048
test,State-history,0.175,Pt 20_FD20_5,Pt 20,78.276,1,0.0259999999999962,1,6.926000000000002
test,State-history,0.175,Pt 20_FD20_5,Pt 20,88.776,0,,1,10.025999999999996
test,State-history,0.175,Pt 20_FD20_6,Pt 20,60.296,1,0.0959999999999965,1,0.0959999999999965
test,State-history,0.175,Pt 20_FD20_6,Pt 20,72.526,1,0.1760000000000019,1,9.525999999999996
test,State-history,0.175,Pt 20_FD20_6,Pt 20,74.98599999999999,1,0.9359999999999928,1,0.9359999999999928
test,State-history,0.175,Pt 20_FD20_6,Pt 20,78.06599999999999,0,,0,
test,State-history,0.175,Pt 20_FD20_6,Pt 20,81.646,1,0.1959999999999979,1,3.245999999999995
test,State-history,0.175,Pt 20_FD20_6,Pt 20,84.216,1,1.6159999999999997,1,1.6159999999999997
test,State-history,0.175,Pt 20_FD20_6,Pt 20,87.836,0,,1,3.2860000000000014
test,State-history,0.175,Pt 22_FD22_3,Pt 22,84.106,0,,1,23.565999999999995
test,State-history,0.175,Pt 31_FD31_1,Pt 31,70.446,1,0.945999999999998,1,0.945999999999998
test,State-history,0.175,Pt 31_FD31_1,Pt 31,83.87599999999999,1,0.8759999999999906,1,9.675999999999988
test,State-history,0.175,Pt 31_FD31_2,Pt 31,71.90599999999999,1,0.9559999999999887,1,0.9559999999999887
test,State-history,0.175,Pt 31_FD31_2,Pt 31,84.23599999999999,1,0.3359999999999843,1,12.285999999999987
test,State-history,0.175,Pt 32_FD32_1,Pt 32,68.866,0,,1,9.216
test,State-history,0.175,Pt 32_FD32_1,Pt 32,76.48599999999999,0,,1,5.435999999999993
test,State-history,0.175,Pt 32_FD32_1,Pt 32,86.17599999999999,1,0.1259999999999905,1,7.675999999999988
test,State-history,0.175,Pt 33_FD33_1,Pt 33,71.806,1,0.9560000000000032,1,5.706000000000003
test,State-history,0.175,Pt 33_FD33_1,Pt 33,85.116,1,1.465999999999994,1,9.465999999999994
test,State-history,0.175,Pt 33_FD33_1,Pt 33,91.156,1,1.255999999999986,1,1.255999999999986
test,State-history,0.175,Pt 33_FD33_2,Pt 33,66.42599999999999,0,,0,
test,State-history,0.175,Pt 33_FD33_2,Pt 33,75.946,1,0.2959999999999922,1,9.346000000000004
test,State-history,0.175,Pt 33_FD33_2,Pt 33,80.636,1,0.2860000000000013,1,4.48599999999999
test,State-history,0.175,Pt 33_FD33_2,Pt 33,86.56599999999999,1,0.2659999999999911,1,0.2659999999999911
test,State-history,0.175,Pt 33_FD33_2,Pt 33,90.766,1,1.8159999999999883,1,1.8159999999999883
test,State-history,0.175,Pt 33_FD33_4,Pt 33,90.706,0,,1,19.555999999999983
test,State-history,0.175,Pt 33_FD33_5,Pt 33,74.62599999999999,1,1.5759999999999934,1,4.075999999999993
test,State-history,0.175,Pt 33_FD33_5,Pt 33,81.95599999999999,1,0.2059999999999888,1,4.455999999999989
test,State-history,0.175,Pt 33_FD33_5,Pt 33,86.466,1,0.2159999999999939,1,2.616
test,State-history,0.175,Pt 33_FD33_5,Pt 33,91.916,1,1.0159999999999911,1,1.0159999999999911
test,State-history,0.175,Pt 33_FD33_6,Pt 33,83.62599999999999,1,0.7259999999999849,1,7.925999999999988
test,State-history,0.175,Pt 33_FD33_6,Pt 33,90.836,1,1.5859999999999983,1,1.5859999999999983
test,AC1_A3T,0.7,Pt 10_FD10_1,Pt 10,60.746,1,0.9460000000000052,1,0.9460000000000052
test,AC1_A3T,0.7,Pt 10_FD10_1,Pt 10,64.54599999999999,1,1.3959999999999937,1,3.695999999999991
test,AC1_A3T,0.7,Pt 10_FD10_1,Pt 10,68.59599999999999,1,0.1459999999999865,1,2.945999999999984
test,AC1_A3T,0.7,Pt 10_FD10_1,Pt 10,71.716,0,,0,
test,AC1_A3T,0.7,Pt 10_FD10_1,Pt 10,73.996,1,0.2959999999999922,1,0.2959999999999922
test,AC1_A3T,0.7,Pt 10_FD10_1,Pt 10,75.836,0,,0,
test,AC1_A3T,0.7,Pt 10_FD10_1,Pt 10,79.696,1,1.3460000000000036,1,3.745999999999995
test,AC1_A3T,0.7,Pt 10_FD10_1,Pt 10,83.68599999999999,1,1.1859999999999928,1,3.3359999999999985
test,AC1_A3T,0.7,Pt 10_FD10_1,Pt 10,86.87599999999999,1,1.1759999999999875,1,3.1259999999999906
test,AC1_A3T,0.7,Pt 10_FD10_1,Pt 10,89.056,1,0.4059999999999917,1,0.4059999999999917
test,AC1_A3T,0.7,Pt 10_FD10_2,Pt 10,81.416,1,0.5660000000000025,1,21.215999999999998
test,AC1_A3T,0.7,Pt 10_FD10_2,Pt 10,85.836,1,1.3359999999999983,1,1.9359999999999928
test,AC1_A3T,0.7,Pt 10_FD10_4,Pt 10,68.856,1,0.8559999999999945,1,9.205999999999996
test,AC1_A3T,0.7,Pt 10_FD10_4,Pt 10,73.67599999999999,1,1.3759999999999906,1,3.975999999999985
test,AC1_A3T,0.7,Pt 10_FD10_4,Pt 10,75.746,1,0.9959999999999952,1,0.9959999999999952
test,AC1_A3T,0.7,Pt 10_FD10_4,Pt 10,80.966,1,0.1659999999999968,1,3.265999999999991
test,AC1_A3T,0.7,Pt 10_FD10_4,Pt 10,82.726,1,1.0259999999999962,1,1.0259999999999962
test,AC1_A3T,0.7,Pt 18_FD18_2,Pt 18,62.826,1,1.176000000000002,1,2.8260000000000005
test,AC1_A3T,0.7,Pt 18_FD18_2,Pt 18,65.256,1,0.456000000000003,1,1.9059999999999988
test,AC1_A3T,0.7,Pt 18_FD18_2,Pt 18,69.306,1,0.4059999999999917,1,2.905999999999992
test,AC1_A3T,0.7,Pt 18_FD18_2,Pt 18,77.31599999999999,1,0.6159999999999854,1,7.965999999999994
test,AC1_A3T,0.7,Pt 18_FD18_3,Pt 18,62.196000000000005,1,0.8460000000000036,1,1.7960000000000065
test,AC1_A3T,0.7,Pt 18_FD18_3,Pt 18,69.62599999999999,1,1.5759999999999934,1,6.675999999999988
test,AC1_A3T,0.7,Pt 18_FD18_3,Pt 18,74.136,1,1.1859999999999928,1,4.23599999999999
test,AC1_A3T,0.7,Pt 18_FD18_3,Pt 18,75.90599999999999,1,0.7059999999999889,1,0.7059999999999889
test,AC1_A3T,0.7,Pt 18_FD18_3,Pt 18,83.84599999999999,1,1.6959999999999835,1,7.695999999999984
test,AC1_A3T,0.7,Pt 18_FD18_3,Pt 18,87.526,1,1.2759999999999962,1,3.3759999999999906
test,AC1_A3T,0.7,Pt 18_FD18_4,Pt 18,61.836,1,0.5859999999999985,1,2.235999999999997
test,AC1_A3T,0.7,Pt 18_FD18_4,Pt 18,64.196,1,1.195999999999998,1,1.7459999999999951
test,AC1_A3T,0.7,Pt 18_FD18_4,Pt 18,67.866,1,1.4159999999999968,1,2.465999999999994
test,AC1_A3T,0.7,Pt 18_FD18_4,Pt 18,74.246,0,,1,5.495999999999995
test,AC1_A3T,0.7,Pt 18_FD18_4,Pt 18,76.20599999999999,1,0.9559999999999887,1,0.9559999999999887
test,AC1_A3T,0.7,Pt 18_FD18_4,Pt 18,80.136,1,0.3359999999999985,1,2.73599999999999
test,AC1_A3T,0.7,Pt 18_FD18_5,Pt 18,59.876000000000005,1,0.2760000000000033,1,0.2760000000000033
test,AC1_A3T,0.7,Pt 18_FD18_5,Pt 18,62.996,1,0.9460000000000052,1,1.9960000000000024
test,AC1_A3T,0.7,Pt 18_FD18_5,Pt 18,66.636,1,0.98599999999999,1,3.5859999999999985
test,AC1_A3T,0.7,Pt 18_FD18_5,Pt 18,75.95599999999999,1,0.0559999999999831,1,9.205999999999989
test,AC1_A3T,0.7,Pt 18_FD18_5,Pt 18,85.67599999999999,1,1.1759999999999875,1,9.225999999999985
test,AC1_A3T,0.7,Pt 20_FD20_2,Pt 20,63.386,1,1.4860000000000042,1,1.4860000000000042
test,AC1_A3T,0.7,Pt 20_FD20_2,Pt 20,66.776,1,1.1259999999999906,1,2.676000000000002
test,AC1_A3T,0.7,Pt 20_FD20_2,Pt 20,75.556,0,,1,8.655999999999992
test,AC1_A3T,0.7,Pt 20_FD20_2,Pt 20,78.446,1,0.7459999999999951,1,2.146000000000001
test,AC1_A3T,0.7,Pt 20_FD20_2,Pt 20,81.226,1,1.475999999999999,1,2.1260000000000048
test,AC1_A3T,0.7,Pt 20_FD20_2,Pt 20,83.076,1,0.9759999999999992,1,0.9759999999999992
test,AC1_A3T,0.7,Pt 20_FD20_3,Pt 20,61.196000000000005,1,1.5960000000000036,1,1.5960000000000036
test,AC1_A3T,0.7,Pt 20_FD20_3,Pt 20,65.226,1,1.6259999999999977,1,1.926000000000002
test,AC1_A3T,0.7,Pt 20_FD20_3,Pt 20,68.34599999999999,1,1.2459999999999951,1,1.2459999999999951
test,AC1_A3T,0.7,Pt 20_FD20_3,Pt 20,71.15599999999999,1,1.1059999999999943,1,1.905999999999992
test,AC1_A3T,0.7,Pt 20_FD20_3,Pt 20,76.336,0,,1,3.0360000000000014
test,AC1_A3T,0.7,Pt 20_FD20_4,Pt 20,62.916,1,1.166000000000004,1,3.166000000000004
test,AC1_A3T,0.7,Pt 20_FD20_4,Pt 20,67.466,0,,1,3.5659999999999954
test,AC1_A3T,0.7,Pt 20_FD20_4,Pt 20,73.576,1,0.7259999999999991,1,5.225999999999999
test,AC1_A3T,0.7,Pt 20_FD20_4,Pt 20,76.20599999999999,1,1.2059999999999889,1,1.2059999999999889
test,AC1_A3T,0.7,Pt 20_FD20_4,Pt 20,83.54599999999999,1,1.445999999999998,1,7.145999999999987
test,AC1_A3T,0.7,Pt 20_FD20_5,Pt 20,66.896,0,,1,6.945999999999998
test,AC1_A3T,0.7,Pt 20_FD20_5,Pt 20,70.976,1,0.8259999999999934,1,3.176000000000002
test,AC1_A3T,0.7,Pt 20_FD20_5,Pt 20,78.276,1,1.176000000000002,1,6.825999999999993
test,AC1_A3T,0.7,Pt 20_FD20_5,Pt 20,88.776,1,0.6760000000000019,1,8.926000000000002
test,AC1_A3T,0.7,Pt 20_FD20_6,Pt 20,60.296,1,0.695999999999998,1,0.695999999999998
test,AC1_A3T,0.7,Pt 20_FD20_6,Pt 20,72.526,1,0.7759999999999962,1,10.525999999999996
test,AC1_A3T,0.7,Pt 20_FD20_6,Pt 20,74.98599999999999,1,0.7859999999999872,1,0.7859999999999872
test,AC1_A3T,0.7,Pt 20_FD20_6,Pt 20,78.06599999999999,1,1.465999999999994,1,2.965999999999994
test,AC1_A3T,0.7,Pt 20_FD20_6,Pt 20,81.646,1,1.4959999999999951,1,3.0460000000000065
test,AC1_A3T,0.7,Pt 20_FD20_6,Pt 20,84.216,1,1.465999999999994,1,1.465999999999994
test,AC1_A3T,0.7,Pt 20_FD20_6,Pt 20,87.836,1,1.3859999999999957,1,1.3859999999999957
test,AC1_A3T,0.7,Pt 22_FD22_3,Pt 22,84.106,1,0.2659999999999911,1,22.715999999999998
test,AC1_A3T,0.7,Pt 31_FD31_1,Pt 31,70.446,1,0.4959999999999951,1,10.845999999999997
test,AC1_A3T,0.7,Pt 31_FD31_1,Pt 31,83.87599999999999,1,0.5259999999999962,1,13.275999999999996
test,AC1_A3T,0.7,Pt 31_FD31_2,Pt 31,71.90599999999999,1,0.6559999999999917,1,11.355999999999996
test,AC1_A3T,0.7,Pt 31_FD31_2,Pt 31,84.23599999999999,1,0.8859999999999957,1,12.035999999999987
test,AC1_A3T,0.7,Pt 32_FD32_1,Pt 32,68.866,0,,1,8.716000000000001
test,AC1_A3T,0.7,Pt 32_FD32_1,Pt 32,76.48599999999999,1,0.8359999999999843,1,7.085999999999984
test,AC1_A3T,0.7,Pt 32_FD32_1,Pt 32,86.17599999999999,1,1.525999999999982,1,9.12599999999999
test,AC1_A3T,0.7,Pt 33_FD33_1,Pt 33,71.806,1,0.8059999999999974,1,2.756
test,AC1_A3T,0.7,Pt 33_FD33_1,Pt 33,85.116,1,1.3160000000000025,1,12.066000000000004
test,AC1_A3T,0.7,Pt 33_FD33_1,Pt 33,91.156,1,0.1559999999999917,1,4.805999999999997
test,AC1_A3T,0.7,Pt 33_FD33_2,Pt 33,66.42599999999999,1,0.1759999999999877,1,0.1759999999999877
test,AC1_A3T,0.7,Pt 33_FD33_2,Pt 33,75.946,1,1.195999999999998,1,8.646
test,AC1_A3T,0.7,Pt 33_FD33_2,Pt 33,80.636,1,0.0859999999999985,1,3.635999999999996
test,AC1_A3T,0.7,Pt 33_FD33_2,Pt 33,86.56599999999999,1,0.8159999999999883,1,4.8659999999999854
test,AC1_A3T,0.7,Pt 33_FD33_2,Pt 33,90.766,1,1.5659999999999883,1,3.6159999999999854
test,AC1_A3T,0.7,Pt 33_FD33_4,Pt 33,90.706,0,,1,24.605999999999995
test,AC1_A3T,0.7,Pt 33_FD33_5,Pt 33,74.62599999999999,0,,1,8.225999999999985
test,AC1_A3T,0.7,Pt 33_FD33_5,Pt 33,81.95599999999999,0,,1,5.805999999999983
test,AC1_A3T,0.7,Pt 33_FD33_5,Pt 33,86.466,0,,1,4.315999999999988
test,AC1_A3T,0.7,Pt 33_FD33_5,Pt 33,91.916,1,1.1659999999999968,1,4.965999999999994
test,AC1_A3T,0.7,Pt 33_FD33_6,Pt 33,83.62599999999999,1,1.4259999999999875,1,17.525999999999996
test,AC1_A3T,0.7,Pt 33_FD33_6,Pt 33,90.836,1,1.1359999999999957,1,6.435999999999993
