split,method,q,tag,participant,n_reference,covered,alarms,hit_alarms,full_followup_alarms,full_followup_hits,unmatched,exposure_seconds,observed_seconds,active_seconds,next_covered,next_associated,next_unresolved
test,Persistence,0.175,Pt 10_FD10_1,Pt 10,10,6,8,8,7,7,0,28.909999999998348,30.349999999998275,5.549999999999983,6,8,0
test,Persistence,0.175,Pt 10_FD10_2,Pt 10,2,1,2,1,2,1,1,28.669999999998367,30.349999999998275,9.900000000000006,1,2,0
test,Persistence,0.175,Pt 10_FD10_4,Pt 10,5,5,13,6,13,6,7,28.629999999998372,30.349999999998275,15.799999999999995,5,9,4
test,Persistence,0.175,Pt 18_FD18_2,Pt 18,4,2,6,2,6,2,4,29.289999999998344,30.349999999998275,20.599999999999987,4,4,2
test,Persistence,0.175,Pt 18_FD18_3,Pt 18,6,2,6,2,6,2,4,28.78999999999836,30.349999999998275,7.099999999999987,5,6,0
test,Persistence,0.175,Pt 18_FD18_4,Pt 18,6,3,9,4,9,4,5,28.76999999999836,30.349999999998275,15.85,4,7,2
test,Persistence,0.175,Pt 18_FD18_5,Pt 18,5,3,5,3,5,3,2,28.93999999999835,30.349999999998275,17.15,3,4,1
test,Persistence,0.175,Pt 20_FD20_2,Pt 20,6,2,5,2,5,2,3,28.96999999999835,30.349999999998275,7.499999999999986,2,3,2
test,Persistence,0.175,Pt 20_FD20_3,Pt 20,5,2,5,2,5,2,3,28.84999999999836,30.349999999998275,17.54999999999999,4,5,0
test,Persistence,0.175,Pt 20_FD20_4,Pt 20,5,1,6,1,5,1,4,28.94999999999834,30.349999999998275,8.350000000000009,3,4,2
test,Persistence,0.175,Pt 20_FD20_5,Pt 20,4,0,6,0,5,0,5,29.019999999998348,30.349999999998275,5.599999999999994,3,5,1
test,Persistence,0.175,Pt 20_FD20_6,Pt 20,7,1,7,1,6,1,5,28.689999999998363,30.349999999998275,4.749999999999979,3,6,1
test,Persistence,0.175,Pt 22_FD22_3,Pt 22,1,0,4,0,4,0,4,29.18999999999836,30.34999999999828,10.049999999999995,1,4,0
test,Persistence,0.175,Pt 31_FD31_1,Pt 31,2,1,4,1,4,1,3,29.149999999998343,30.349999999998275,6.59999999999998,1,3,1
test,Persistence,0.175,Pt 31_FD31_2,Pt 31,2,0,3,0,3,0,3,29.169999999998325,30.349999999998275,1.25,1,1,2
test,Persistence,0.175,Pt 32_FD32_1,Pt 32,3,0,9,0,8,0,8,28.229999999998384,30.349999999998275,6.600000000000001,2,7,2
test,Persistence,0.175,Pt 33_FD33_1,Pt 33,3,3,7,3,7,3,4,32.38999999999815,33.84999999999808,12.75,3,7,0
test,Persistence,0.175,Pt 33_FD33_2,Pt 33,5,1,7,1,7,1,6,32.069999999998174,33.84999999999808,9.700000000000005,3,4,3
test,Persistence,0.175,Pt 33_FD33_4,Pt 33,1,0,1,0,1,0,1,32.02999999999818,33.84999999999808,12.25,1,1,0
test,Persistence,0.175,Pt 33_FD33_5,Pt 33,4,4,5,4,5,4,1,32.40999999999815,33.84999999999808,17.69999999999999,4,5,0
test,Persistence,0.175,Pt 33_FD33_6,Pt 33,2,2,5,2,5,2,3,32.069999999998174,33.84999999999808,10.84999999999998,2,5,0
test,AC1,0.8,Pt 10_FD10_1,Pt 10,10,4,12,5,12,5,7,28.909999999998348,30.349999999998275,7.850000000000016,6,12,0
test,AC1,0.8,Pt 10_FD10_2,Pt 10,2,0,11,0,10,0,10,28.669999999998367,30.349999999998275,6.200000000000003,2,7,4
test,AC1,0.8,Pt 10_FD10_4,Pt 10,5,5,18,6,17,6,11,28.629999999998372,30.349999999998275,9.700000000000005,5,14,4
test,AC1,0.8,Pt 18_FD18_2,Pt 18,4,3,18,3,17,3,14,29.289999999998344,30.349999999998275,14.500000000000036,4,10,8
test,AC1,0.8,Pt 18_FD18_3,Pt 18,6,3,12,4,11,4,7,28.78999999999836,30.349999999998275,11.000000000000009,5,10,2
test,AC1,0.8,Pt 18_FD18_4,Pt 18,6,2,15,2,14,2,12,28.76999999999836,30.349999999998275,20.34999999999998,5,10,5
test,AC1,0.8,Pt 18_FD18_5,Pt 18,5,2,14,2,13,2,11,28.93999999999835,30.349999999998275,14.5,4,11,3
test,AC1,0.8,Pt 20_FD20_2,Pt 20,6,3,17,3,17,3,14,28.96999999999835,30.349999999998275,10.449999999999946,5,12,5
test,AC1,0.8,Pt 20_FD20_3,Pt 20,5,2,17,5,17,5,12,28.84999999999836,30.349999999998275,7.550000000000004,3,12,5
test,AC1,0.8,Pt 20_FD20_4,Pt 20,5,4,17,5,17,5,12,28.94999999999834,30.349999999998275,12.349999999999987,5,15,2
test,AC1,0.8,Pt 20_FD20_5,Pt 20,4,1,12,2,12,2,10,29.019999999998348,30.349999999998275,6.999999999999957,4,12,0
test,AC1,0.8,Pt 20_FD20_6,Pt 20,7,5,23,7,23,7,16,28.689999999998363,30.349999999998275,16.200000000000024,7,23,0
test,AC1,0.8,Pt 22_FD22_3,Pt 22,1,1,15,1,13,1,12,29.18999999999836,30.34999999999828,14.649999999999991,1,10,5
test,AC1,0.8,Pt 31_FD31_1,Pt 31,2,0,14,0,11,0,11,29.149999999998343,30.349999999998275,7.29999999999999,2,7,7
test,AC1,0.8,Pt 31_FD31_2,Pt 31,2,1,14,1,13,1,12,29.169999999998325,30.349999999998275,5.65000000000002,2,10,4
test,AC1,0.8,Pt 32_FD32_1,Pt 32,3,1,7,1,5,1,4,28.229999999998384,30.349999999998275,6.449999999999989,3,5,2
test,AC1,0.8,Pt 33_FD33_1,Pt 33,3,1,10,1,10,1,9,32.38999999999815,33.84999999999808,5.149999999999992,3,7,3
test,AC1,0.8,Pt 33_FD33_2,Pt 33,5,1,12,1,11,1,10,32.069999999998174,33.84999999999808,13.200000000000005,4,7,5
test,AC1,0.8,Pt 33_FD33_4,Pt 33,1,1,3,1,3,1,2,32.02999999999818,33.84999999999808,6.649999999999977,1,1,2
test,AC1,0.8,Pt 33_FD33_5,Pt 33,4,1,14,1,12,1,11,32.40999999999815,33.84999999999808,8.199999999999974,4,7,7
test,AC1,0.8,Pt 33_FD33_6,Pt 33,2,1,16,1,14,1,13,32.069999999998174,33.84999999999808,7.899999999999977,2,11,5
test,Variance,0.75,Pt 10_FD10_1,Pt 10,10,3,4,3,4,3,1,28.909999999998348,30.349999999998275,10.149999999999991,4,4,0
test,Variance,0.75,Pt 10_FD10_2,Pt 10,2,0,1,0,1,0,1,28.669999999998367,30.349999999998275,1.7999999999999972,1,1,0
test,Variance,0.75,Pt 10_FD10_4,Pt 10,5,0,1,0,1,0,1,28.629999999998372,30.349999999998275,0.8999999999999915,1,1,0
test,Variance,0.75,Pt 18_FD18_2,Pt 18,4,2,2,2,2,2,0,29.289999999998344,30.349999999998275,1.5,2,2,0
test,Variance,0.75,Pt 18_FD18_3,Pt 18,6,0,0,0,0,0,0,28.78999999999836,30.349999999998275,0.0,0,0,0
test,Variance,0.75,Pt 18_FD18_4,Pt 18,6,2,4,2,4,2,2,28.76999999999836,30.349999999998275,8.250000000000007,3,3,1
test,Variance,0.75,Pt 18_FD18_5,Pt 18,5,2,4,2,4,2,2,28.93999999999835,30.349999999998275,13.799999999999995,4,4,0
test,Variance,0.75,Pt 20_FD20_2,Pt 20,6,0,3,0,3,0,3,28.96999999999835,30.349999999998275,17.450000000000017,2,3,0
test,Variance,0.75,Pt 20_FD20_3,Pt 20,5,1,2,1,2,1,1,28.84999999999836,30.349999999998275,4.949999999999996,2,2,0
test,Variance,0.75,Pt 20_FD20_4,Pt 20,5,3,4,3,4,3,1,28.94999999999834,30.349999999998275,14.700000000000015,4,4,0
test,Variance,0.75,Pt 20_FD20_5,Pt 20,4,0,2,0,2,0,2,29.019999999998348,30.349999999998275,6.399999999999992,2,2,0
test,Variance,0.75,Pt 20_FD20_6,Pt 20,7,0,1,0,1,0,1,28.689999999998363,30.349999999998275,0.4500000000000028,1,1,0
test,Variance,0.75,Pt 22_FD22_3,Pt 22,1,0,4,0,4,0,4,29.18999999999836,30.34999999999828,5.200000000000003,1,4,0
test,Variance,0.75,Pt 31_FD31_1,Pt 31,2,2,5,2,5,2,3,29.149999999998343,30.349999999998275,7.34999999999998,2,5,0
test,Variance,0.75,Pt 31_FD31_2,Pt 31,2,2,6,2,6,2,4,29.169999999998325,30.349999999998275,12.399999999999984,2,6,0
test,Variance,0.75,Pt 32_FD32_1,Pt 32,3,0,0,0,0,0,0,28.229999999998384,30.349999999998275,0.0,0,0,0
test,Variance,0.75,Pt 33_FD33_1,Pt 33,3,1,4,1,4,1,3,32.38999999999815,33.84999999999808,7.1000000000000085,1,4,0
test,Variance,0.75,Pt 33_FD33_2,Pt 33,5,2,2,2,2,2,0,32.069999999998174,33.84999999999808,27.950000000000017,2,2,0
test,Variance,0.75,Pt 33_FD33_4,Pt 33,1,0,2,0,2,0,2,32.02999999999818,33.84999999999808,10.350000000000009,1,2,0
test,Variance,0.75,Pt 33_FD33_5,Pt 33,4,2,3,2,3,2,1,32.40999999999815,33.84999999999808,10.750000000000014,2,3,0
test,Variance,0.75,Pt 33_FD33_6,Pt 33,2,0,2,0,2,0,2,32.069999999998174,33.84999999999808,11.549999999999995,1,2,0
test,Recovery,0.75,Pt 10_FD10_1,Pt 10,10,6,15,10,15,10,5,28.909999999998348,30.349999999998275,5.300000000000026,9,15,0
test,Recovery,0.75,Pt 10_FD10_2,Pt 10,2,1,10,1,9,1,8,28.669999999998367,30.349999999998275,5.199999999999989,2,9,1
test,Recovery,0.75,Pt 10_FD10_4,Pt 10,5,5,22,7,21,7,14,28.629999999998372,30.349999999998275,11.800000000000011,5,17,5
test,Recovery,0.75,Pt 18_FD18_2,Pt 18,4,4,24,4,23,4,19,29.289999999998344,30.349999999998275,16.94999999999998,4,15,9
test,Recovery,0.75,Pt 18_FD18_3,Pt 18,6,4,16,5,15,5,10,28.78999999999836,30.349999999998275,9.399999999999984,5,14,2
test,Recovery,0.75,Pt 18_FD18_4,Pt 18,6,3,18,4,17,4,13,28.76999999999836,30.349999999998275,20.69999999999996,6,14,4
test,Recovery,0.75,Pt 18_FD18_5,Pt 18,5,3,16,3,15,3,12,28.93999999999835,30.349999999998275,15.450000000000005,5,13,3
test,Recovery,0.75,Pt 20_FD20_2,Pt 20,6,3,12,3,12,3,9,28.96999999999835,30.349999999998275,7.999999999999972,4,11,1
test,Recovery,0.75,Pt 20_FD20_3,Pt 20,5,4,17,4,16,4,12,28.84999999999836,30.349999999998275,7.799999999999997,4,10,7
test,Recovery,0.75,Pt 20_FD20_4,Pt 20,5,4,14,4,13,4,9,28.94999999999834,30.349999999998275,11.999999999999991,5,12,2
test,Recovery,0.75,Pt 20_FD20_5,Pt 20,4,2,13,3,13,3,10,29.019999999998348,30.349999999998275,6.699999999999996,4,13,0
test,Recovery,0.75,Pt 20_FD20_6,Pt 20,7,5,21,7,21,7,14,28.689999999998363,30.349999999998275,15.300000000000018,7,21,0
test,Recovery,0.75,Pt 22_FD22_3,Pt 22,1,1,16,1,15,1,14,29.18999999999836,30.34999999999828,16.349999999999987,1,12,4
test,Recovery,0.75,Pt 31_FD31_1,Pt 31,2,0,15,0,14,0,14,29.149999999998343,30.349999999998275,7.450000000000003,2,12,3
test,Recovery,0.75,Pt 31_FD31_2,Pt 31,2,2,19,2,18,2,16,29.169999999998325,30.349999999998275,5.700000000000003,2,14,5
test,Recovery,0.75,Pt 32_FD32_1,Pt 32,3,0,12,0,10,0,10,28.229999999998384,30.349999999998275,7.249999999999979,3,9,3
test,Recovery,0.75,Pt 33_FD33_1,Pt 33,3,1,11,1,11,1,10,32.38999999999815,33.84999999999808,3.4499999999999886,3,10,1
test,Recovery,0.75,Pt 33_FD33_2,Pt 33,5,4,17,7,17,7,10,32.069999999998174,33.84999999999808,19.35000000000004,5,13,4
test,Recovery,0.75,Pt 33_FD33_4,Pt 33,1,1,8,2,7,2,5,32.02999999999818,33.84999999999808,9.75,1,5,3
test,Recovery,0.75,Pt 33_FD33_5,Pt 33,4,1,18,1,15,1,14,32.40999999999815,33.84999999999808,9.899999999999991,4,10,8
test,Recovery,0.75,Pt 33_FD33_6,Pt 33,2,2,21,3,20,3,17,32.069999999998174,33.84999999999808,10.999999999999972,2,14,7
test,Reddening,0.7,Pt 10_FD10_1,Pt 10,10,2,6,2,6,2,4,28.909999999998348,30.349999999998275,9.950000000000024,5,6,0
test,Reddening,0.7,Pt 10_FD10_2,Pt 10,2,1,6,1,5,1,4,28.669999999998367,30.349999999998275,8.899999999999999,2,5,1
test,Reddening,0.7,Pt 10_FD10_4,Pt 10,5,1,4,1,4,1,3,28.629999999998372,30.349999999998275,6.350000000000001,2,4,0
test,Reddening,0.7,Pt 18_FD18_2,Pt 18,4,1,8,1,8,1,7,29.289999999998344,30.349999999998275,21.19999999999999,3,4,4
test,Reddening,0.7,Pt 18_FD18_3,Pt 18,6,2,7,2,7,2,5,28.78999999999836,30.349999999998275,8.649999999999984,3,6,1
test,Reddening,0.7,Pt 18_FD18_4,Pt 18,6,1,5,1,4,1,3,28.76999999999836,30.349999999998275,19.65000000000001,3,3,2
test,Reddening,0.7,Pt 18_FD18_5,Pt 18,5,2,6,2,6,2,4,28.93999999999835,30.349999999998275,22.0,4,6,0
test,Reddening,0.7,Pt 20_FD20_2,Pt 20,6,0,6,0,6,0,6,28.96999999999835,30.349999999998275,5.800000000000011,4,5,1
test,Reddening,0.7,Pt 20_FD20_3,Pt 20,5,0,5,0,5,0,5,28.84999999999836,30.349999999998275,5.999999999999993,2,2,3
test,Reddening,0.7,Pt 20_FD20_4,Pt 20,5,0,6,0,6,0,6,28.94999999999834,30.349999999998275,6.800000000000004,3,4,2
test,Reddening,0.7,Pt 20_FD20_5,Pt 20,4,1,6,1,6,1,5,29.019999999998348,30.349999999998275,4.899999999999992,3,6,0
test,Reddening,0.7,Pt 20_FD20_6,Pt 20,7,3,6,3,6,3,3,28.689999999998363,30.349999999998275,8.349999999999994,4,6,0
test,Reddening,0.7,Pt 22_FD22_3,Pt 22,1,0,7,0,7,0,7,29.18999999999836,30.34999999999828,22.850000000000016,1,7,0
test,Reddening,0.7,Pt 31_FD31_1,Pt 31,2,0,6,0,5,0,5,29.149999999998343,30.349999999998275,10.849999999999994,2,4,2
test,Reddening,0.7,Pt 31_FD31_2,Pt 31,2,1,8,1,8,1,7,29.169999999998325,30.349999999998275,9.749999999999991,2,5,3
test,Reddening,0.7,Pt 32_FD32_1,Pt 32,3,3,8,3,7,3,4,28.229999999998384,30.349999999998275,18.34999999999998,3,7,1
test,Reddening,0.7,Pt 33_FD33_1,Pt 33,3,1,6,1,6,1,5,32.38999999999815,33.84999999999808,6.050000000000026,3,5,1
test,Reddening,0.7,Pt 33_FD33_2,Pt 33,5,2,6,2,6,2,4,32.069999999998174,33.84999999999808,18.050000000000026,4,4,2
test,Reddening,0.7,Pt 33_FD33_4,Pt 33,1,1,5,1,5,1,4,32.02999999999818,33.84999999999808,10.600000000000009,1,4,1
test,Reddening,0.7,Pt 33_FD33_5,Pt 33,4,1,10,1,10,1,9,32.40999999999815,33.84999999999808,13.099999999999994,4,9,1
test,Reddening,0.7,Pt 33_FD33_6,Pt 33,2,2,8,2,8,2,6,32.069999999998174,33.84999999999808,12.499999999999986,2,7,1
test,State-history,0.175,Pt 10_FD10_1,Pt 10,10,6,12,7,10,6,4,28.909999999998348,30.349999999998275,8.249999999999993,8,11,1
test,State-history,0.175,Pt 10_FD10_2,Pt 10,2,1,3,1,3,1,2,28.669999999998367,30.349999999998275,10.450000000000015,1,3,0
test,State-history,0.175,Pt 10_FD10_4,Pt 10,5,5,15,7,15,7,8,28.629999999998372,30.349999999998275,17.449999999999974,5,11,4
test,State-history,0.175,Pt 18_FD18_2,Pt 18,4,2,6,2,6,2,4,29.289999999998344,30.349999999998275,22.849999999999987,4,5,1
test,State-history,0.175,Pt 18_FD18_3,Pt 18,6,4,15,7,14,7,7,28.78999999999836,30.349999999998275,9.750000000000014,6,14,1
test,State-history,0.175,Pt 18_FD18_4,Pt 18,6,6,11,9,11,9,2,28.76999999999836,30.349999999998275,20.24999999999998,6,10,1
test,State-history,0.175,Pt 18_FD18_5,Pt 18,5,5,8,5,8,5,3,28.93999999999835,30.349999999998275,20.29999999999999,5,8,0
test,State-history,0.175,Pt 20_FD20_2,Pt 20,6,6,10,6,10,6,4,28.96999999999835,30.349999999998275,11.75,6,9,1
test,State-history,0.175,Pt 20_FD20_3,Pt 20,5,4,9,4,9,4,5,28.84999999999836,30.349999999998275,19.80000000000002,5,9,0
test,State-history,0.175,Pt 20_FD20_4,Pt 20,5,4,8,4,7,4,3,28.94999999999834,30.349999999998275,11.550000000000011,4,7,1
test,State-history,0.175,Pt 20_FD20_5,Pt 20,4,3,11,3,10,3,7,29.019999999998348,30.349999999998275,8.949999999999989,4,10,1
test,State-history,0.175,Pt 20_FD20_6,Pt 20,7,5,12,6,11,6,5,28.689999999998363,30.349999999998275,8.499999999999986,6,11,1
test,State-history,0.175,Pt 22_FD22_3,Pt 22,1,0,6,0,6,0,6,29.18999999999836,30.34999999999828,12.75000000000002,1,6,0
test,State-history,0.175,Pt 31_FD31_1,Pt 31,2,2,10,3,9,3,6,29.149999999998343,30.349999999998275,8.100000000000009,2,5,5
test,State-history,0.175,Pt 31_FD31_2,Pt 31,2,2,9,3,8,3,5,29.169999999998325,30.349999999998275,7.499999999999986,2,6,3
test,State-history,0.175,Pt 32_FD32_1,Pt 32,3,1,8,1,7,1,6,28.229999999998384,30.349999999998275,8.800000000000018,3,6,2
test,State-history,0.175,Pt 33_FD33_1,Pt 33,3,3,11,4,10,4,6,32.38999999999815,33.84999999999808,14.049999999999985,3,9,2
test,State-history,0.175,Pt 33_FD33_2,Pt 33,5,4,10,4,10,4,6,32.069999999998174,33.84999999999808,12.599999999999994,4,6,4
test,State-history,0.175,Pt 33_FD33_4,Pt 33,1,0,4,0,4,0,4,32.02999999999818,33.84999999999808,13.999999999999972,1,4,0
test,State-history,0.175,Pt 33_FD33_5,Pt 33,4,4,9,4,8,4,4,32.40999999999815,33.84999999999808,18.999999999999982,4,8,1
test,State-history,0.175,Pt 33_FD33_6,Pt 33,2,2,7,4,7,4,3,32.069999999998174,33.84999999999808,12.799999999999985,2,7,0
test,AC1_A3T,0.7,Pt 10_FD10_1,Pt 10,10,8,20,10,18,9,9,28.909999999998348,30.349999999998275,9.549999999999995,8,19,1
test,AC1_A3T,0.7,Pt 10_FD10_2,Pt 10,2,2,14,2,12,2,10,28.669999999998367,30.349999999998275,9.99999999999998,2,10,4
test,AC1_A3T,0.7,Pt 10_FD10_4,Pt 10,5,5,17,6,17,6,11,28.629999999998372,30.349999999998275,15.100000000000016,5,14,3
test,AC1_A3T,0.7,Pt 18_FD18_2,Pt 18,4,4,27,4,27,4,23,29.289999999998344,30.349999999998275,18.999999999999982,4,19,8
test,AC1_A3T,0.7,Pt 18_FD18_3,Pt 18,6,6,24,10,23,10,13,28.78999999999836,30.349999999998275,11.350000000000009,6,23,1
test,AC1_A3T,0.7,Pt 18_FD18_4,Pt 18,6,5,21,6,20,6,14,28.76999999999836,30.349999999998275,24.59999999999998,6,15,6
test,AC1_A3T,0.7,Pt 18_FD18_5,Pt 18,5,5,24,6,23,6,17,28.93999999999835,30.349999999998275,14.449999999999996,5,21,3
test,AC1_A3T,0.7,Pt 20_FD20_2,Pt 20,6,5,20,6,19,6,13,28.96999999999835,30.349999999998275,11.499999999999991,6,14,6
test,AC1_A3T,0.7,Pt 20_FD20_3,Pt 20,5,4,21,5,20,5,15,28.84999999999836,30.349999999998275,16.200000000000003,5,9,12
test,AC1_A3T,0.7,Pt 20_FD20_4,Pt 20,5,4,22,4,20,4,16,28.94999999999834,30.349999999998275,14.25000000000002,5,16,6
test,AC1_A3T,0.7,Pt 20_FD20_5,Pt 20,4,3,21,4,21,4,17,29.019999999998348,30.349999999998275,11.799999999999969,4,21,0
test,AC1_A3T,0.7,Pt 20_FD20_6,Pt 20,7,7,26,12,24,12,12,28.689999999998363,30.349999999998275,16.700000000000024,7,24,2
test,AC1_A3T,0.7,Pt 22_FD22_3,Pt 22,1,1,14,1,14,1,13,29.18999999999836,30.34999999999828,11.400000000000006,1,11,3
test,AC1_A3T,0.7,Pt 31_FD31_1,Pt 31,2,2,21,2,20,2,18,29.149999999998343,30.349999999998275,15.500000000000036,2,17,4
test,AC1_A3T,0.7,Pt 31_FD31_2,Pt 31,2,2,23,4,23,4,19,29.169999999998325,30.349999999998275,11.050000000000004,2,19,4
test,AC1_A3T,0.7,Pt 32_FD32_1,Pt 32,3,2,14,3,13,3,10,28.229999999998384,30.349999999998275,7.7499999999999645,3,13,1
test,AC1_A3T,0.7,Pt 33_FD33_1,Pt 33,3,3,19,4,19,4,15,32.38999999999815,33.84999999999808,10.199999999999989,3,15,4
test,AC1_A3T,0.7,Pt 33_FD33_2,Pt 33,5,5,25,9,25,9,16,32.069999999998174,33.84999999999808,21.59999999999997,5,19,6
test,AC1_A3T,0.7,Pt 33_FD33_4,Pt 33,1,0,6,0,6,0,6,32.02999999999818,33.84999999999808,17.700000000000003,1,5,1
test,AC1_A3T,0.7,Pt 33_FD33_5,Pt 33,4,1,24,2,22,2,20,32.40999999999815,33.84999999999808,14.649999999999975,4,16,8
test,AC1_A3T,0.7,Pt 33_FD33_6,Pt 33,2,2,15,3,15,3,12,32.069999999998174,33.84999999999808,15.149999999999991,2,11,4
