tag,alarm_id,issued_at,observed_end,next_onset,lead_sec,within_window,complete_followup,right_censored
Pt 20_FD20_3,1,60.7,62.7,61.196000000000005,0.4960000000000022,True,True,0
Pt 20_FD20_3,2,63.45,63.65,65.226,1.7759999999999962,False,True,0
Pt 20_FD20_3,3,65.6,66.5,68.34599999999999,2.745999999999995,False,True,0
Pt 20_FD20_3,4,67.3,67.65,68.34599999999999,1.0459999999999923,True,True,0
Pt 20_FD20_3,5,68.5,69.55,71.15599999999999,2.6559999999999917,False,True,0
Pt 20_FD20_3,6,70.3,70.7,71.15599999999999,0.8559999999999945,True,True,0
Pt 20_FD20_3,7,71.6,72.45,76.336,4.736000000000004,False,True,0
Pt 20_FD20_3,8,73.6,73.85,76.336,2.736000000000004,False,True,0
Pt 20_FD20_3,9,76.05,89.85,76.336,0.28600000000000136,True,True,1
