tag,n_reference,covered,median_lead,distance_to_pooled_median
Pt 20_FD20_3,5,4,0.6759999999999984,3.552713678800501e-15
Pt 10_FD10_1,10,6,0.8259999999999934,0.14999999999999147
Pt 10_FD10_2,2,1,0.9159999999999968,0.23999999999999488
Pt 18_FD18_2,4,2,0.9609999999999914,0.2849999999999895
Pt 33_FD33_2,5,4,0.29099999999999676,0.38500000000000517
Pt 18_FD18_3,6,4,1.086000000000002,0.41000000000000014
Pt 20_FD20_6,7,5,0.1959999999999979,0.48000000000000403
Pt 20_FD20_5,4,3,0.1760000000000019,0.5
Pt 32_FD32_1,3,1,0.1259999999999905,0.5500000000000114
Pt 20_FD20_4,5,4,0.11099999999999705,0.5650000000000048
