tag,participant,reference_onset,Persistence,State-history,difference
Pt 10_FD10_1,Pt 10,60.746,1.0960000000000036,1.1460000000000008,0.04999999999999716
Pt 10_FD10_1,Pt 10,68.59599999999999,0.44599999999998374,1.0959999999999894,0.6500000000000057
Pt 10_FD10_1,Pt 10,79.696,1.2959999999999923,1.6460000000000008,0.3500000000000085
Pt 10_FD10_1,Pt 10,83.68599999999999,0.03599999999998715,1.1359999999999957,1.1000000000000085
Pt 10_FD10_1,Pt 10,89.056,0.3059999999999974,0.5559999999999974,0.25
Pt 10_FD10_2,Pt 10,81.416,8.015999999999991,9.965999999999994,1.9500000000000028
Pt 10_FD10_4,Pt 10,68.856,4.155999999999992,4.455999999999989,0.29999999999999716
Pt 10_FD10_4,Pt 10,73.67599999999999,0.27599999999998204,0.27599999999998204,0.0
Pt 10_FD10_4,Pt 10,75.746,0.3459999999999894,0.8960000000000008,0.5500000000000114
Pt 10_FD10_4,Pt 10,80.966,0.965999999999994,0.965999999999994,0.0
Pt 10_FD10_4,Pt 10,82.726,0.7259999999999991,0.8259999999999934,0.09999999999999432
Pt 18_FD18_2,Pt 18,69.306,0.45600000000000307,0.8559999999999945,0.3999999999999915
Pt 18_FD18_2,Pt 18,77.31599999999999,0.1659999999999826,1.0659999999999883,0.9000000000000057
Pt 18_FD18_3,Pt 18,74.136,2.5859999999999985,2.8859999999999957,0.29999999999999716
Pt 18_FD18_3,Pt 18,75.90599999999999,1.005999999999986,1.0559999999999974,0.05000000000001137
Pt 18_FD18_4,Pt 18,61.836,1.3359999999999985,1.5859999999999985,0.25
Pt 18_FD18_4,Pt 18,67.866,1.5660000000000025,1.6659999999999968,0.09999999999999432
Pt 18_FD18_4,Pt 18,76.20599999999999,0.20599999999998886,0.755999999999986,0.5499999999999972
Pt 18_FD18_5,Pt 18,59.876000000000005,0.17600000000000193,0.27600000000000335,0.10000000000000142
Pt 18_FD18_5,Pt 18,66.636,0.036000000000001364,0.13599999999999568,0.09999999999999432
Pt 18_FD18_5,Pt 18,75.95599999999999,1.2059999999999889,5.955999999999989,4.75
Pt 20_FD20_2,Pt 20,75.556,0.1559999999999917,2.8559999999999945,2.700000000000003
Pt 20_FD20_2,Pt 20,83.076,0.0759999999999934,0.5259999999999962,0.45000000000000284
Pt 20_FD20_3,Pt 20,61.196000000000005,0.2960000000000065,0.4960000000000022,0.19999999999999574
Pt 20_FD20_3,Pt 20,76.336,0.18599999999999284,2.736000000000004,2.5500000000000114
Pt 20_FD20_4,Pt 20,67.466,0.16599999999999682,0.465999999999994,0.29999999999999716
Pt 20_FD20_6,Pt 20,72.526,6.825999999999993,9.525999999999996,2.700000000000003
Pt 22_FD22_3,Pt 22,84.106,16.465999999999994,23.565999999999995,7.100000000000001
Pt 31_FD31_1,Pt 31,83.87599999999999,0.17599999999998772,0.8759999999999906,0.7000000000000028
Pt 33_FD33_1,Pt 33,71.806,5.706000000000003,5.706000000000003,0.0
Pt 33_FD33_1,Pt 33,85.116,7.665999999999997,9.465999999999994,1.7999999999999972
Pt 33_FD33_1,Pt 33,91.156,1.2560000000000002,1.2560000000000002,0.0
Pt 33_FD33_2,Pt 33,86.56599999999999,0.015999999999991132,0.26599999999999113,0.25
Pt 33_FD33_4,Pt 33,90.706,3.1060000000000088,19.555999999999997,16.44999999999999
Pt 33_FD33_5,Pt 33,74.62599999999999,1.5259999999999962,4.075999999999993,2.549999999999997
Pt 33_FD33_5,Pt 33,81.95599999999999,4.005999999999986,4.455999999999989,0.45000000000000284
Pt 33_FD33_5,Pt 33,86.466,0.015999999999991132,2.6159999999999997,2.6000000000000085
Pt 33_FD33_5,Pt 33,91.916,1.0660000000000025,1.0159999999999911,-0.05000000000001137
Pt 33_FD33_6,Pt 33,83.62599999999999,7.925999999999988,7.925999999999988,0.0
Pt 33_FD33_6,Pt 33,90.836,0.28600000000000136,1.5859999999999985,1.2999999999999972
