method,metric,estimate,lower95,upper95
Persistence,coverage,0.4659090909090909,0.26791513480392154,0.6621621621621622
Persistence,success_fraction,0.4634146341463415,0.25806451612903225,0.6518518518518519
Persistence,activations_per_minute,11.269756432771503,9.392885772278431,13.509060955519711
Persistence,active_fraction,0.34122318088113696,0.24508188777983736,0.41269866266113375
AC1,coverage,0.7045454545454546,0.5869377811094453,0.7906976744186046
AC1,success_fraction,0.46735395189003437,0.3332894736842105,0.5673383704006912
AC1,activations_per_minute,26.66259448728868,21.327409053042032,31.302306425042964
AC1,active_fraction,0.3249599144842513,0.2483699772555103,0.41211668788380335
Variance,coverage,0.4090909090909091,0.34782608695652173,0.528749999999999
Variance,success_fraction,0.9464285714285714,0.8787569573283859,1.0
Variance,activations_per_minute,5.130946018172391,3.9538714991765014,6.9205757391836
Variance,active_fraction,0.2641826372451857,0.16409836628227173,0.34098546612184555
Recovery,coverage,0.8068181818181818,0.6885245901639344,0.9090909090909091
Recovery,success_fraction,0.5253731343283582,0.39245861190703596,0.6213775682998418
Recovery,activations_per_minute,30.694052072995557,27.825536338006838,33.98493763238602
Recovery,active_fraction,0.34328472169200985,0.2716526429015049,0.42723778143879365
Reddening,coverage,0.48863636363636365,0.4351145038167939,0.6250726744186043
Reddening,success_fraction,0.5333333333333333,0.4045327629489216,0.6691176470588235
Reddening,activations_per_minute,12.369244865237015,11.63793103448342,13.426763110308178
Reddening,active_fraction,0.3827594105520566,0.28269357495883,0.528185011490826
State-history,coverage,0.8068181818181818,0.7239756592292089,0.8666666666666667
State-history,success_fraction,0.6030927835051546,0.4666666666666667,0.6911211106064047
State-history,activations_per_minute,17.775062991525786,15.495695640100852,19.487259034212368
State-history,active_fraction,0.42673894785067695,0.34178177670766124,0.504118616145004
