tag,participant,method,q,n_reference,covered,missed,alarms,successful_warnings,repeated_successes,during_event_or_boundary,unresolved_tail,observed_seconds,active_seconds
Pt 10_FD10_1,Pt 10,Persistence,0.175,10,6,4,8,7,1,1,0,30.349999999998275,5.549999999999983
Pt 10_FD10_1,Pt 10,AC1,0.8,10,4,6,12,8,4,4,0,30.349999999998275,7.850000000000016
Pt 10_FD10_1,Pt 10,Variance,0.75,10,4,6,4,4,0,0,0,30.349999999998275,10.149999999999991
Pt 10_FD10_1,Pt 10,Recovery,0.75,10,7,3,15,12,5,3,0,30.349999999998275,5.300000000000026
Pt 10_FD10_1,Pt 10,Reddening,0.7,10,5,5,6,6,1,0,0,30.349999999998275,9.950000000000024
Pt 10_FD10_1,Pt 10,State-history,0.175,10,6,4,12,8,2,4,0,30.349999999998275,8.249999999999993
Pt 10_FD10_1,Pt 10,AC1_A3T,0.7,10,8,2,20,15,7,5,0,30.349999999998275,9.549999999999995
Pt 10_FD10_1,Pt 10,AC1_A7T,0.6,10,8,2,15,12,4,3,0,30.349999999998275,15.899999999999975
Pt 10_FD10_1,Pt 10,AC1_RA5T,0.75,10,9,1,16,14,5,2,0,30.349999999998275,9.950000000000031
Pt 10_FD10_1,Pt 10,Recovery_A3T,0.8,10,9,1,21,16,7,5,0,30.349999999998275,7.049999999999976
Pt 10_FD10_1,Pt 10,Recovery_A7T,0.75,10,7,3,12,11,4,1,0,30.349999999998275,6.149999999999999
Pt 10_FD10_1,Pt 10,Recovery_RA5T,0.75,10,7,3,18,12,5,6,0,30.349999999998275,5.4499999999999815
Pt 10_FD10_1,Pt 10,Reddening_A3T,0.7,10,8,2,16,13,5,3,0,30.349999999998275,11.749999999999986
Pt 10_FD10_1,Pt 10,Reddening_A7T,0.75,10,3,7,4,3,0,1,0,30.349999999998275,10.699999999999996
Pt 10_FD10_1,Pt 10,Reddening_RA5T,0.7,10,7,3,10,8,1,2,0,30.349999999998275,12.399999999999991
Pt 10_FD10_1,Pt 10,Variance_A3T,0.75,10,2,8,3,2,0,1,0,30.349999999998275,8.299999999999997
Pt 10_FD10_1,Pt 10,Variance_A7T,0.55,10,4,6,4,4,0,0,0,30.349999999998275,17.54999999999999
Pt 10_FD10_1,Pt 10,Variance_RA5T,0.65,10,3,7,6,5,2,1,0,30.349999999998275,21.350000000000016
Pt 10_FD10_2,Pt 10,Persistence,0.175,2,1,1,2,2,1,0,0,30.349999999998275,9.900000000000006
Pt 10_FD10_2,Pt 10,AC1,0.8,2,1,1,11,6,5,5,0,30.349999999998275,6.200000000000003
Pt 10_FD10_2,Pt 10,Variance,0.75,2,1,1,1,1,0,0,0,30.349999999998275,1.7999999999999972
Pt 10_FD10_2,Pt 10,Recovery,0.75,2,1,1,10,8,7,2,0,30.349999999998275,5.199999999999989
Pt 10_FD10_2,Pt 10,Reddening,0.7,2,1,1,6,4,3,2,0,30.349999999998275,8.899999999999999
Pt 10_FD10_2,Pt 10,State-history,0.175,2,1,1,3,3,2,0,0,30.349999999998275,10.450000000000015
Pt 10_FD10_2,Pt 10,AC1_A3T,0.7,2,2,0,14,9,7,5,0,30.349999999998275,9.99999999999998
Pt 10_FD10_2,Pt 10,AC1_A7T,0.6,2,2,0,7,6,4,1,0,30.349999999998275,8.899999999999999
Pt 10_FD10_2,Pt 10,AC1_RA5T,0.75,2,2,0,7,5,3,2,0,30.349999999998275,7.899999999999999
Pt 10_FD10_2,Pt 10,Recovery_A3T,0.8,2,2,0,15,11,9,4,0,30.349999999998275,4.800000000000033
Pt 10_FD10_2,Pt 10,Recovery_A7T,0.75,2,2,0,7,6,4,1,0,30.349999999998275,3.3999999999999773
Pt 10_FD10_2,Pt 10,Recovery_RA5T,0.75,2,2,0,9,7,5,2,0,30.349999999998275,4.800000000000004
Pt 10_FD10_2,Pt 10,Reddening_A3T,0.7,2,2,0,14,11,9,3,0,30.349999999998275,10.949999999999996
Pt 10_FD10_2,Pt 10,Reddening_A7T,0.75,2,2,0,3,3,1,0,0,30.349999999998275,8.950000000000003
Pt 10_FD10_2,Pt 10,Reddening_RA5T,0.7,2,1,1,4,3,2,1,0,30.349999999998275,8.399999999999991
Pt 10_FD10_2,Pt 10,Variance_A3T,0.75,2,1,1,2,2,1,0,0,30.349999999998275,1.8499999999999943
Pt 10_FD10_2,Pt 10,Variance_A7T,0.55,2,1,1,1,1,0,0,0,30.349999999998275,3.8499999999999934
Pt 10_FD10_2,Pt 10,Variance_RA5T,0.65,2,1,1,3,3,2,0,0,30.349999999998275,4.649999999999984
Pt 10_FD10_4,Pt 10,Persistence,0.175,5,5,0,13,6,1,7,0,30.349999999998275,15.799999999999995
Pt 10_FD10_4,Pt 10,AC1,0.8,5,5,0,18,9,4,9,0,30.349999999998275,9.700000000000005
Pt 10_FD10_4,Pt 10,Variance,0.75,5,1,4,1,1,0,0,0,30.349999999998275,0.8999999999999915
Pt 10_FD10_4,Pt 10,Recovery,0.75,5,5,0,22,10,5,12,0,30.349999999998275,11.800000000000011
Pt 10_FD10_4,Pt 10,Reddening,0.7,5,1,4,4,3,2,1,0,30.349999999998275,6.350000000000001
Pt 10_FD10_4,Pt 10,State-history,0.175,5,5,0,15,7,2,8,0,30.349999999998275,17.449999999999974
Pt 10_FD10_4,Pt 10,AC1_A3T,0.7,5,5,0,17,9,4,8,0,30.349999999998275,15.100000000000016
Pt 10_FD10_4,Pt 10,AC1_A7T,0.6,5,4,1,17,6,2,11,0,30.349999999998275,17.35000000000001
Pt 10_FD10_4,Pt 10,AC1_RA5T,0.75,5,5,0,19,10,5,9,0,30.349999999998275,10.500000000000009
Pt 10_FD10_4,Pt 10,Recovery_A3T,0.8,5,4,1,18,10,6,8,0,30.349999999998275,7.150000000000013
Pt 10_FD10_4,Pt 10,Recovery_A7T,0.75,5,4,1,23,11,7,12,0,30.349999999998275,9.95000000000001
Pt 10_FD10_4,Pt 10,Recovery_RA5T,0.75,5,5,0,22,9,4,13,0,30.349999999998275,13.75
Pt 10_FD10_4,Pt 10,Reddening_A3T,0.7,5,3,2,9,6,3,3,0,30.349999999998275,7.649999999999999
Pt 10_FD10_4,Pt 10,Reddening_A7T,0.75,5,1,4,2,2,1,0,0,30.349999999998275,8.900000000000006
Pt 10_FD10_4,Pt 10,Reddening_RA5T,0.7,5,1,4,4,3,2,1,0,30.349999999998275,6.099999999999987
Pt 10_FD10_4,Pt 10,Variance_A3T,0.75,5,0,5,0,0,0,0,0,30.349999999998275,0.0
Pt 10_FD10_4,Pt 10,Variance_A7T,0.55,5,1,4,2,2,1,0,0,30.349999999998275,3.950000000000003
Pt 10_FD10_4,Pt 10,Variance_RA5T,0.65,5,1,4,1,1,0,0,0,30.349999999998275,1.749999999999993
Pt 18_FD18_2,Pt 18,Persistence,0.175,4,2,2,6,2,0,4,0,30.349999999998275,20.599999999999987
Pt 18_FD18_2,Pt 18,AC1,0.8,4,4,0,18,5,1,13,0,30.349999999998275,14.500000000000036
Pt 18_FD18_2,Pt 18,Variance,0.75,4,2,2,2,2,0,0,0,30.349999999998275,1.5
Pt 18_FD18_2,Pt 18,Recovery,0.75,4,4,0,24,8,4,16,0,30.349999999998275,16.94999999999998
Pt 18_FD18_2,Pt 18,Reddening,0.7,4,2,2,8,2,0,6,0,30.349999999998275,21.19999999999999
Pt 18_FD18_2,Pt 18,State-history,0.175,4,2,2,6,2,0,4,0,30.349999999998275,22.849999999999987
Pt 18_FD18_2,Pt 18,AC1_A3T,0.7,4,4,0,27,11,7,16,0,30.349999999998275,18.999999999999982
Pt 18_FD18_2,Pt 18,AC1_A7T,0.6,4,3,1,16,5,2,11,0,30.349999999998275,24.70000000000003
Pt 18_FD18_2,Pt 18,AC1_RA5T,0.75,4,4,0,22,8,4,14,0,30.349999999998275,17.900000000000006
Pt 18_FD18_2,Pt 18,Recovery_A3T,0.8,4,3,1,23,7,4,16,0,30.349999999998275,8.200000000000003
Pt 18_FD18_2,Pt 18,Recovery_A7T,0.75,4,4,0,22,9,5,13,0,30.349999999998275,16.79999999999999
Pt 18_FD18_2,Pt 18,Recovery_RA5T,0.75,4,4,0,24,9,5,15,0,30.349999999998275,15.700000000000015
Pt 18_FD18_2,Pt 18,Reddening_A3T,0.7,4,3,1,13,4,1,9,0,30.349999999998275,21.900000000000013
Pt 18_FD18_2,Pt 18,Reddening_A7T,0.75,4,1,3,6,1,0,5,0,30.349999999998275,23.549999999999983
Pt 18_FD18_2,Pt 18,Reddening_RA5T,0.7,4,2,2,8,2,0,6,0,30.349999999998275,18.849999999999987
Pt 18_FD18_2,Pt 18,Variance_A3T,0.75,4,1,3,1,1,0,0,0,30.349999999998275,0.8499999999999943
Pt 18_FD18_2,Pt 18,Variance_A7T,0.55,4,2,2,4,2,0,2,0,30.349999999998275,5.249999999999979
Pt 18_FD18_2,Pt 18,Variance_RA5T,0.65,4,3,1,6,4,1,2,0,30.349999999998275,7.700000000000024
Pt 18_FD18_3,Pt 18,Persistence,0.175,6,2,4,6,2,0,4,0,30.349999999998275,7.099999999999987
Pt 18_FD18_3,Pt 18,AC1,0.8,6,2,4,12,3,1,9,0,30.349999999998275,11.000000000000009
Pt 18_FD18_3,Pt 18,Variance,0.75,6,0,6,0,0,0,0,0,30.349999999998275,0.0
Pt 18_FD18_3,Pt 18,Recovery,0.75,6,3,3,16,5,2,11,0,30.349999999998275,9.399999999999984
Pt 18_FD18_3,Pt 18,Reddening,0.7,6,2,4,7,2,0,5,0,30.349999999998275,8.649999999999984
Pt 18_FD18_3,Pt 18,State-history,0.175,6,5,1,15,6,1,9,0,30.349999999998275,9.750000000000014
Pt 18_FD18_3,Pt 18,AC1_A3T,0.7,6,6,0,24,9,3,15,0,30.349999999998275,11.350000000000009
Pt 18_FD18_3,Pt 18,AC1_A7T,0.6,6,3,3,14,4,1,10,0,30.349999999998275,17.64999999999999
Pt 18_FD18_3,Pt 18,AC1_RA5T,0.75,6,3,3,15,5,2,10,0,30.349999999998275,11.550000000000011
Pt 18_FD18_3,Pt 18,Recovery_A3T,0.8,6,3,3,13,5,2,8,0,30.349999999998275,3.9500000000000526
Pt 18_FD18_3,Pt 18,Recovery_A7T,0.75,6,2,4,11,4,2,7,0,30.349999999998275,10.399999999999984
Pt 18_FD18_3,Pt 18,Recovery_RA5T,0.75,6,4,2,19,7,3,12,0,30.349999999998275,6.450000000000031
Pt 18_FD18_3,Pt 18,Reddening_A3T,0.7,6,6,0,12,6,0,6,0,30.349999999998275,11.350000000000025
Pt 18_FD18_3,Pt 18,Reddening_A7T,0.75,6,1,5,5,1,0,4,0,30.349999999998275,5.25
Pt 18_FD18_3,Pt 18,Reddening_RA5T,0.7,6,1,5,7,1,0,6,0,30.349999999998275,8.100000000000016
Pt 18_FD18_3,Pt 18,Variance_A3T,0.75,6,1,5,1,1,0,0,0,30.349999999998275,1.8499999999999943
Pt 18_FD18_3,Pt 18,Variance_A7T,0.55,6,1,5,1,1,0,0,0,30.349999999998275,0.1999999999999886
Pt 18_FD18_3,Pt 18,Variance_RA5T,0.65,6,1,5,2,2,1,0,0,30.349999999998275,4.149999999999992
Pt 18_FD18_4,Pt 18,Persistence,0.175,6,3,3,9,4,1,5,0,30.349999999998275,15.85
Pt 18_FD18_4,Pt 18,AC1,0.8,6,5,1,15,5,0,10,0,30.349999999998275,20.34999999999998
Pt 18_FD18_4,Pt 18,Variance,0.75,6,3,3,4,3,0,1,0,30.349999999998275,8.250000000000007
Pt 18_FD18_4,Pt 18,Recovery,0.75,6,6,0,18,8,2,10,0,30.349999999998275,20.69999999999996
Pt 18_FD18_4,Pt 18,Reddening,0.7,6,3,3,5,3,0,2,0,30.349999999998275,19.65000000000001
Pt 18_FD18_4,Pt 18,State-history,0.175,6,6,0,11,9,3,2,0,30.349999999998275,20.24999999999998
Pt 18_FD18_4,Pt 18,AC1_A3T,0.7,6,6,0,21,12,6,9,0,30.349999999998275,24.59999999999998
Pt 18_FD18_4,Pt 18,AC1_A7T,0.6,6,4,2,8,5,1,3,0,30.349999999998275,26.90000000000001
Pt 18_FD18_4,Pt 18,AC1_RA5T,0.75,6,6,0,15,6,0,9,0,30.349999999998275,21.5
Pt 18_FD18_4,Pt 18,Recovery_A3T,0.8,6,6,0,28,15,9,13,0,30.349999999998275,14.850000000000009
Pt 18_FD18_4,Pt 18,Recovery_A7T,0.75,6,4,2,15,8,4,7,0,30.349999999998275,22.850000000000016
Pt 18_FD18_4,Pt 18,Recovery_RA5T,0.75,6,6,0,23,9,3,14,0,30.349999999998275,18.700000000000017
Pt 18_FD18_4,Pt 18,Reddening_A3T,0.7,6,4,2,11,4,0,7,0,30.349999999998275,22.950000000000003
Pt 18_FD18_4,Pt 18,Reddening_A7T,0.75,6,3,3,4,3,0,1,0,30.349999999998275,18.04999999999999
Pt 18_FD18_4,Pt 18,Reddening_RA5T,0.7,6,4,2,6,4,0,2,0,30.349999999998275,19.3
Pt 18_FD18_4,Pt 18,Variance_A3T,0.75,6,4,2,6,6,2,0,0,30.349999999998275,10.400000000000013
Pt 18_FD18_4,Pt 18,Variance_A7T,0.55,6,1,5,2,1,0,1,0,30.349999999998275,10.800000000000004
Pt 18_FD18_4,Pt 18,Variance_RA5T,0.65,6,3,3,6,4,1,2,0,30.349999999998275,18.9
Pt 18_FD18_5,Pt 18,Persistence,0.175,5,3,2,5,3,0,2,0,30.349999999998275,17.15
Pt 18_FD18_5,Pt 18,AC1,0.8,5,3,2,14,4,1,10,0,30.349999999998275,14.5
Pt 18_FD18_5,Pt 18,Variance,0.75,5,3,2,4,3,0,1,0,30.349999999998275,13.799999999999995
Pt 18_FD18_5,Pt 18,Recovery,0.75,5,4,1,16,6,2,10,0,30.349999999998275,15.450000000000005
Pt 18_FD18_5,Pt 18,Reddening,0.7,5,3,2,6,3,0,3,0,30.349999999998275,22.0
Pt 18_FD18_5,Pt 18,State-history,0.175,5,5,0,8,8,3,0,0,30.349999999998275,20.29999999999999
Pt 18_FD18_5,Pt 18,AC1_A3T,0.7,5,5,0,24,13,8,11,0,30.349999999998275,14.449999999999996
Pt 18_FD18_5,Pt 18,AC1_A7T,0.6,5,3,2,10,4,1,6,0,30.349999999998275,23.89999999999996
Pt 18_FD18_5,Pt 18,AC1_RA5T,0.75,5,4,1,15,7,3,8,0,30.349999999998275,17.24999999999997
Pt 18_FD18_5,Pt 18,Recovery_A3T,0.8,5,5,0,23,12,7,11,0,30.349999999998275,8.0
Pt 18_FD18_5,Pt 18,Recovery_A7T,0.75,5,5,0,12,7,2,5,0,30.349999999998275,19.49999999999997
Pt 18_FD18_5,Pt 18,Recovery_RA5T,0.75,5,5,0,17,9,4,8,0,30.349999999998275,14.150000000000006
Pt 18_FD18_5,Pt 18,Reddening_A3T,0.7,5,4,1,12,6,2,6,0,30.349999999998275,15.149999999999984
Pt 18_FD18_5,Pt 18,Reddening_A7T,0.75,5,2,3,4,2,0,2,0,30.349999999998275,22.349999999999987
Pt 18_FD18_5,Pt 18,Reddening_RA5T,0.7,5,2,3,4,2,0,2,0,30.349999999998275,21.349999999999994
Pt 18_FD18_5,Pt 18,Variance_A3T,0.75,5,4,1,7,6,2,1,0,30.349999999998275,10.449999999999996
Pt 18_FD18_5,Pt 18,Variance_A7T,0.55,5,3,2,5,3,0,2,0,30.349999999998275,21.05000000000002
Pt 18_FD18_5,Pt 18,Variance_RA5T,0.65,5,3,2,4,3,0,1,0,30.349999999998275,19.75
Pt 20_FD20_2,Pt 20,Persistence,0.175,6,2,4,5,2,0,3,0,30.349999999998275,7.499999999999986
Pt 20_FD20_2,Pt 20,AC1,0.8,6,5,1,17,9,4,8,0,30.349999999998275,10.449999999999946
Pt 20_FD20_2,Pt 20,Variance,0.75,6,2,4,3,3,1,0,0,30.349999999998275,17.450000000000017
Pt 20_FD20_2,Pt 20,Recovery,0.75,6,4,2,12,10,6,2,0,30.349999999998275,7.999999999999972
Pt 20_FD20_2,Pt 20,Reddening,0.7,6,2,4,6,2,0,4,0,30.349999999998275,5.800000000000011
Pt 20_FD20_2,Pt 20,State-history,0.175,6,6,0,10,8,2,2,0,30.349999999998275,11.75
Pt 20_FD20_2,Pt 20,AC1_A3T,0.7,6,6,0,20,12,6,8,0,30.349999999998275,11.499999999999991
Pt 20_FD20_2,Pt 20,AC1_A7T,0.6,6,3,3,16,9,6,7,0,30.349999999998275,18.5
Pt 20_FD20_2,Pt 20,AC1_RA5T,0.75,6,5,1,19,10,5,9,0,30.349999999998275,12.699999999999982
Pt 20_FD20_2,Pt 20,Recovery_A3T,0.8,6,5,1,22,12,7,10,0,30.349999999998275,8.349999999999966
Pt 20_FD20_2,Pt 20,Recovery_A7T,0.75,6,6,0,12,9,3,3,0,30.349999999998275,9.250000000000028
Pt 20_FD20_2,Pt 20,Recovery_RA5T,0.75,6,4,2,18,13,9,5,0,30.349999999998275,7.599999999999994
Pt 20_FD20_2,Pt 20,Reddening_A3T,0.7,6,4,2,10,7,3,3,0,30.349999999998275,4.75
Pt 20_FD20_2,Pt 20,Reddening_A7T,0.75,6,2,4,3,2,0,1,0,30.349999999998275,4.050000000000011
Pt 20_FD20_2,Pt 20,Reddening_RA5T,0.7,6,3,3,6,3,0,3,0,30.349999999998275,6.09999999999998
Pt 20_FD20_2,Pt 20,Variance_A3T,0.75,6,4,2,7,6,2,1,0,30.349999999998275,14.750000000000014
Pt 20_FD20_2,Pt 20,Variance_A7T,0.55,6,1,5,1,1,0,0,0,30.349999999998275,20.35000000000001
Pt 20_FD20_2,Pt 20,Variance_RA5T,0.65,6,2,4,3,3,1,0,0,30.349999999998275,18.69999999999999
Pt 20_FD20_3,Pt 20,Persistence,0.175,5,2,3,5,2,0,3,0,30.349999999998275,17.54999999999999
Pt 20_FD20_3,Pt 20,AC1,0.8,5,3,2,17,10,7,7,0,30.349999999998275,7.550000000000004
Pt 20_FD20_3,Pt 20,Variance,0.75,5,2,3,2,2,0,0,0,30.349999999998275,4.949999999999996
Pt 20_FD20_3,Pt 20,Recovery,0.75,5,4,1,17,9,5,8,0,30.349999999998275,7.799999999999997
Pt 20_FD20_3,Pt 20,Reddening,0.7,5,2,3,5,2,0,3,0,30.349999999998275,5.999999999999993
Pt 20_FD20_3,Pt 20,State-history,0.175,5,5,0,9,6,1,3,0,30.349999999998275,19.80000000000002
Pt 20_FD20_3,Pt 20,AC1_A3T,0.7,5,5,0,21,9,4,12,0,30.349999999998275,16.200000000000003
Pt 20_FD20_3,Pt 20,AC1_A7T,0.6,5,5,0,21,11,6,10,0,30.349999999998275,15.999999999999964
Pt 20_FD20_3,Pt 20,AC1_RA5T,0.75,5,4,1,18,8,4,10,0,30.349999999998275,10.549999999999995
Pt 20_FD20_3,Pt 20,Recovery_A3T,0.8,5,4,1,22,8,4,14,0,30.349999999998275,9.999999999999972
Pt 20_FD20_3,Pt 20,Recovery_A7T,0.75,5,5,0,14,8,3,6,0,30.349999999998275,6.499999999999993
Pt 20_FD20_3,Pt 20,Recovery_RA5T,0.75,5,5,0,23,10,5,13,0,30.349999999998275,9.949999999999946
Pt 20_FD20_3,Pt 20,Reddening_A3T,0.7,5,5,0,11,5,0,6,0,30.349999999998275,8.149999999999991
Pt 20_FD20_3,Pt 20,Reddening_A7T,0.75,5,1,4,3,1,0,2,0,30.349999999998275,5.800000000000004
Pt 20_FD20_3,Pt 20,Reddening_RA5T,0.7,5,1,4,5,1,0,4,0,30.349999999998275,6.450000000000024
Pt 20_FD20_3,Pt 20,Variance_A3T,0.75,5,4,1,5,5,1,0,0,30.349999999998275,7.899999999999991
Pt 20_FD20_3,Pt 20,Variance_A7T,0.55,5,2,3,2,2,0,0,0,30.349999999998275,9.6
Pt 20_FD20_3,Pt 20,Variance_RA5T,0.65,5,3,2,6,3,0,3,0,30.349999999998275,16.550000000000004
Pt 20_FD20_4,Pt 20,Persistence,0.175,5,1,4,6,1,0,5,0,30.349999999998275,8.350000000000009
Pt 20_FD20_4,Pt 20,AC1,0.8,5,5,0,17,13,8,4,0,30.349999999998275,12.349999999999987
Pt 20_FD20_4,Pt 20,Variance,0.75,5,4,1,4,4,0,0,0,30.349999999998275,14.700000000000015
Pt 20_FD20_4,Pt 20,Recovery,0.75,5,5,0,14,9,4,5,0,30.349999999998275,11.999999999999991
Pt 20_FD20_4,Pt 20,Reddening,0.7,5,1,4,6,1,0,5,0,30.349999999998275,6.800000000000004
Pt 20_FD20_4,Pt 20,State-history,0.175,5,4,1,8,5,1,3,0,30.349999999998275,11.550000000000011
Pt 20_FD20_4,Pt 20,AC1_A3T,0.7,5,5,0,22,10,5,12,0,30.349999999998275,14.25000000000002
Pt 20_FD20_4,Pt 20,AC1_A7T,0.6,5,4,1,17,9,5,8,0,30.349999999998275,19.25
Pt 20_FD20_4,Pt 20,AC1_RA5T,0.75,5,5,0,18,11,6,7,0,30.349999999998275,16.150000000000006
Pt 20_FD20_4,Pt 20,Recovery_A3T,0.8,5,5,0,20,11,6,9,0,30.349999999998275,7.550000000000033
Pt 20_FD20_4,Pt 20,Recovery_A7T,0.75,5,5,0,18,8,3,10,0,30.349999999998275,11.25000000000002
Pt 20_FD20_4,Pt 20,Recovery_RA5T,0.75,5,5,0,21,11,6,10,0,30.349999999998275,11.99999999999998
Pt 20_FD20_4,Pt 20,Reddening_A3T,0.7,5,3,2,14,6,3,8,0,30.349999999998275,8.749999999999979
Pt 20_FD20_4,Pt 20,Reddening_A7T,0.75,5,0,5,3,0,0,3,0,30.349999999998275,4.600000000000001
Pt 20_FD20_4,Pt 20,Reddening_RA5T,0.7,5,2,3,7,2,0,5,0,30.349999999998275,9.29999999999999
Pt 20_FD20_4,Pt 20,Variance_A3T,0.75,5,3,2,5,3,0,2,0,30.349999999998275,15.25
Pt 20_FD20_4,Pt 20,Variance_A7T,0.55,5,1,4,2,1,0,1,0,30.349999999998275,25.35000000000001
Pt 20_FD20_4,Pt 20,Variance_RA5T,0.65,5,2,3,3,2,0,1,0,30.349999999998275,23.250000000000007
Pt 20_FD20_5,Pt 20,Persistence,0.175,4,0,4,6,0,0,6,0,30.349999999998275,5.599999999999994
Pt 20_FD20_5,Pt 20,AC1,0.8,4,3,1,12,6,3,6,0,30.349999999998275,6.999999999999957
Pt 20_FD20_5,Pt 20,Variance,0.75,4,2,2,2,2,0,0,0,30.349999999998275,6.399999999999992
Pt 20_FD20_5,Pt 20,Recovery,0.75,4,3,1,13,8,5,5,0,30.349999999998275,6.699999999999996
Pt 20_FD20_5,Pt 20,Reddening,0.7,4,2,2,6,4,2,2,0,30.349999999998275,4.899999999999992
Pt 20_FD20_5,Pt 20,State-history,0.175,4,3,1,11,3,0,8,0,30.349999999998275,8.949999999999989
Pt 20_FD20_5,Pt 20,AC1_A3T,0.7,4,4,0,21,14,10,7,0,30.349999999998275,11.799999999999969
Pt 20_FD20_5,Pt 20,AC1_A7T,0.6,4,4,0,17,10,6,7,0,30.349999999998275,11.149999999999975
Pt 20_FD20_5,Pt 20,AC1_RA5T,0.75,4,2,2,13,5,3,8,0,30.349999999998275,6.4499999999999815
Pt 20_FD20_5,Pt 20,Recovery_A3T,0.8,4,3,1,13,7,4,6,0,30.349999999998275,4.0
Pt 20_FD20_5,Pt 20,Recovery_A7T,0.75,4,4,0,11,8,4,3,0,30.349999999998275,4.749999999999986
Pt 20_FD20_5,Pt 20,Recovery_RA5T,0.75,4,3,1,14,5,2,9,0,30.349999999998275,6.499999999999993
Pt 20_FD20_5,Pt 20,Reddening_A3T,0.7,4,3,1,10,5,2,5,0,30.349999999998275,7.049999999999997
Pt 20_FD20_5,Pt 20,Reddening_A7T,0.75,4,2,2,4,2,0,2,0,30.349999999998275,3.400000000000013
Pt 20_FD20_5,Pt 20,Reddening_RA5T,0.7,4,1,3,5,2,1,3,0,30.349999999998275,3.049999999999997
Pt 20_FD20_5,Pt 20,Variance_A3T,0.75,4,4,0,4,4,0,0,0,30.349999999998275,10.099999999999987
Pt 20_FD20_5,Pt 20,Variance_A7T,0.55,4,2,2,2,2,0,0,0,30.349999999998275,12.149999999999984
Pt 20_FD20_5,Pt 20,Variance_RA5T,0.65,4,2,2,6,3,1,3,0,30.349999999998275,12.799999999999995
Pt 20_FD20_6,Pt 20,Persistence,0.175,7,1,6,7,2,1,5,0,30.349999999998275,4.749999999999979
Pt 20_FD20_6,Pt 20,AC1,0.8,7,5,2,23,14,9,9,0,30.349999999998275,16.200000000000024
Pt 20_FD20_6,Pt 20,Variance,0.75,7,0,7,1,0,0,1,0,30.349999999998275,0.4500000000000028
Pt 20_FD20_6,Pt 20,Recovery,0.75,7,5,2,21,13,8,8,0,30.349999999998275,15.300000000000018
Pt 20_FD20_6,Pt 20,Reddening,0.7,7,4,3,6,6,2,0,0,30.349999999998275,8.349999999999994
Pt 20_FD20_6,Pt 20,State-history,0.175,7,4,3,12,8,4,4,0,30.349999999998275,8.499999999999986
Pt 20_FD20_6,Pt 20,AC1_A3T,0.7,7,7,0,26,18,11,8,0,30.349999999998275,16.700000000000024
Pt 20_FD20_6,Pt 20,AC1_A7T,0.6,7,4,3,15,11,7,4,0,30.349999999998275,22.74999999999998
Pt 20_FD20_6,Pt 20,AC1_RA5T,0.75,7,4,3,19,9,5,10,0,30.349999999998275,16.349999999999994
Pt 20_FD20_6,Pt 20,Recovery_A3T,0.8,7,7,0,21,15,8,6,0,30.349999999998275,11.300000000000026
Pt 20_FD20_6,Pt 20,Recovery_A7T,0.75,7,5,2,18,12,7,6,0,30.349999999998275,16.89999999999994
Pt 20_FD20_6,Pt 20,Recovery_RA5T,0.75,7,7,0,23,14,7,9,0,30.349999999998275,13.450000000000005
Pt 20_FD20_6,Pt 20,Reddening_A3T,0.7,7,5,2,14,8,3,6,0,30.349999999998275,11.49999999999998
Pt 20_FD20_6,Pt 20,Reddening_A7T,0.75,7,1,6,3,2,1,1,0,30.349999999998275,4.749999999999986
Pt 20_FD20_6,Pt 20,Reddening_RA5T,0.7,7,3,4,5,4,1,1,0,30.349999999998275,7.950000000000017
Pt 20_FD20_6,Pt 20,Variance_A3T,0.75,7,1,6,1,1,0,0,0,30.349999999998275,0.3500000000000014
Pt 20_FD20_6,Pt 20,Variance_A7T,0.55,7,0,7,1,0,0,1,0,30.349999999998275,1.6499999999999986
Pt 20_FD20_6,Pt 20,Variance_RA5T,0.65,7,2,5,2,2,0,0,0,30.349999999998275,2.3500000000000014
Pt 22_FD22_3,Pt 22,Persistence,0.175,1,1,0,4,4,3,0,0,30.34999999999828,10.049999999999995
Pt 22_FD22_3,Pt 22,AC1,0.8,1,1,0,15,10,9,5,0,30.34999999999828,14.649999999999991
Pt 22_FD22_3,Pt 22,Variance,0.75,1,1,0,4,4,3,0,0,30.34999999999828,5.200000000000003
Pt 22_FD22_3,Pt 22,Recovery,0.75,1,1,0,16,12,11,4,0,30.34999999999828,16.349999999999987
Pt 22_FD22_3,Pt 22,Reddening,0.7,1,1,0,7,7,6,0,0,30.34999999999828,22.850000000000016
Pt 22_FD22_3,Pt 22,State-history,0.175,1,1,0,6,6,5,0,0,30.34999999999828,12.75000000000002
Pt 22_FD22_3,Pt 22,AC1_A3T,0.7,1,1,0,14,11,10,3,0,30.34999999999828,11.400000000000006
Pt 22_FD22_3,Pt 22,AC1_A7T,0.6,1,1,0,11,9,8,2,0,30.34999999999828,20.0
Pt 22_FD22_3,Pt 22,AC1_RA5T,0.75,1,1,0,13,10,9,3,0,30.34999999999828,15.750000000000009
Pt 22_FD22_3,Pt 22,Recovery_A3T,0.8,1,1,0,16,12,11,4,0,30.34999999999828,9.850000000000016
Pt 22_FD22_3,Pt 22,Recovery_A7T,0.75,1,1,0,6,4,3,2,0,30.34999999999828,17.80000000000001
Pt 22_FD22_3,Pt 22,Recovery_RA5T,0.75,1,1,0,17,12,11,5,0,30.34999999999828,16.700000000000017
Pt 22_FD22_3,Pt 22,Reddening_A3T,0.7,1,1,0,12,9,8,3,0,30.34999999999828,19.20000000000001
Pt 22_FD22_3,Pt 22,Reddening_A7T,0.75,1,1,0,4,4,3,0,0,30.34999999999828,20.5
Pt 22_FD22_3,Pt 22,Reddening_RA5T,0.7,1,1,0,4,4,3,0,0,30.34999999999828,23.299999999999983
Pt 22_FD22_3,Pt 22,Variance_A3T,0.75,1,1,0,6,6,5,0,0,30.34999999999828,3.5999999999999943
Pt 22_FD22_3,Pt 22,Variance_A7T,0.55,1,1,0,3,3,2,0,0,30.34999999999828,9.650000000000006
Pt 22_FD22_3,Pt 22,Variance_RA5T,0.65,1,1,0,1,1,0,0,0,30.34999999999828,7.25
Pt 31_FD31_1,Pt 31,Persistence,0.175,2,1,1,4,1,0,3,0,30.349999999998275,6.59999999999998
Pt 31_FD31_1,Pt 31,AC1,0.8,2,2,0,14,4,2,10,0,30.349999999998275,7.29999999999999
Pt 31_FD31_1,Pt 31,Variance,0.75,2,2,0,5,5,3,0,0,30.349999999998275,7.34999999999998
Pt 31_FD31_1,Pt 31,Recovery,0.75,2,2,0,15,6,4,9,0,30.349999999998275,7.450000000000003
Pt 31_FD31_1,Pt 31,Reddening,0.7,2,2,0,6,2,0,4,0,30.349999999998275,10.849999999999994
Pt 31_FD31_1,Pt 31,State-history,0.175,2,2,0,10,3,1,7,0,30.349999999998275,8.100000000000009
Pt 31_FD31_1,Pt 31,AC1_A3T,0.7,2,2,0,21,10,8,11,0,30.349999999998275,15.500000000000036
Pt 31_FD31_1,Pt 31,AC1_A7T,0.6,2,2,0,16,6,4,10,0,30.349999999998275,13.40000000000004
Pt 31_FD31_1,Pt 31,AC1_RA5T,0.75,2,2,0,14,5,3,9,0,30.349999999998275,9.450000000000005
Pt 31_FD31_1,Pt 31,Recovery_A3T,0.8,2,2,0,22,6,4,16,0,30.349999999998275,8.599999999999987
Pt 31_FD31_1,Pt 31,Recovery_A7T,0.75,2,2,0,13,6,4,7,0,30.349999999998275,7.499999999999972
Pt 31_FD31_1,Pt 31,Recovery_RA5T,0.75,2,2,0,15,5,3,10,0,30.349999999998275,7.999999999999986
Pt 31_FD31_1,Pt 31,Reddening_A3T,0.7,2,2,0,9,3,1,6,0,30.349999999998275,12.799999999999976
Pt 31_FD31_1,Pt 31,Reddening_A7T,0.75,2,0,2,3,0,0,3,0,30.349999999998275,10.100000000000016
Pt 31_FD31_1,Pt 31,Reddening_RA5T,0.7,2,1,1,5,1,0,4,0,30.349999999998275,11.6
Pt 31_FD31_1,Pt 31,Variance_A3T,0.75,2,2,0,11,10,8,1,0,30.349999999998275,13.849999999999994
Pt 31_FD31_1,Pt 31,Variance_A7T,0.55,2,2,0,5,4,2,1,0,30.349999999998275,14.099999999999994
Pt 31_FD31_1,Pt 31,Variance_RA5T,0.65,2,2,0,7,6,4,1,0,30.349999999998275,12.900000000000013
Pt 31_FD31_2,Pt 31,Persistence,0.175,2,0,2,3,0,0,3,0,30.349999999998275,1.25
Pt 31_FD31_2,Pt 31,AC1,0.8,2,2,0,14,5,3,9,0,30.349999999998275,5.65000000000002
Pt 31_FD31_2,Pt 31,Variance,0.75,2,2,0,6,6,4,0,0,30.349999999998275,12.399999999999984
Pt 31_FD31_2,Pt 31,Recovery,0.75,2,2,0,19,7,5,12,0,30.349999999998275,5.700000000000003
Pt 31_FD31_2,Pt 31,Reddening,0.7,2,1,1,8,1,0,7,0,30.349999999998275,9.749999999999991
Pt 31_FD31_2,Pt 31,State-history,0.175,2,2,0,9,3,1,6,0,30.349999999998275,7.499999999999986
Pt 31_FD31_2,Pt 31,AC1_A3T,0.7,2,2,0,23,12,10,11,0,30.349999999998275,11.050000000000004
Pt 31_FD31_2,Pt 31,AC1_A7T,0.6,2,2,0,18,5,3,13,0,30.349999999998275,14.6
Pt 31_FD31_2,Pt 31,AC1_RA5T,0.75,2,1,1,14,3,2,11,0,30.349999999998275,3.549999999999976
Pt 31_FD31_2,Pt 31,Recovery_A3T,0.8,2,2,0,19,6,4,13,0,30.349999999998275,7.800000000000004
Pt 31_FD31_2,Pt 31,Recovery_A7T,0.75,2,2,0,16,4,2,12,0,30.349999999998275,8.35000000000003
Pt 31_FD31_2,Pt 31,Recovery_RA5T,0.75,2,2,0,15,6,4,9,0,30.349999999998275,6.549999999999976
Pt 31_FD31_2,Pt 31,Reddening_A3T,0.7,2,0,2,11,0,0,11,0,30.349999999998275,8.749999999999979
Pt 31_FD31_2,Pt 31,Reddening_A7T,0.75,2,0,2,4,0,0,4,0,30.349999999998275,6.599999999999987
Pt 31_FD31_2,Pt 31,Reddening_RA5T,0.7,2,2,0,6,2,0,4,0,30.349999999998275,7.500000000000021
Pt 31_FD31_2,Pt 31,Variance_A3T,0.75,2,2,0,3,3,1,0,0,30.349999999998275,11.150000000000013
Pt 31_FD31_2,Pt 31,Variance_A7T,0.55,2,2,0,2,2,0,0,0,30.349999999998275,18.55
Pt 31_FD31_2,Pt 31,Variance_RA5T,0.65,2,2,0,5,3,1,2,0,30.349999999998275,11.050000000000018
Pt 32_FD32_1,Pt 32,Persistence,0.175,3,0,3,9,0,0,9,0,30.349999999998275,6.600000000000001
Pt 32_FD32_1,Pt 32,AC1,0.8,3,0,3,7,0,0,7,0,30.349999999998275,6.449999999999989
Pt 32_FD32_1,Pt 32,Variance,0.75,3,0,3,0,0,0,0,0,30.349999999998275,0.0
Pt 32_FD32_1,Pt 32,Recovery,0.75,3,0,3,12,0,0,12,0,30.349999999998275,7.249999999999979
Pt 32_FD32_1,Pt 32,Reddening,0.7,3,3,0,8,3,0,5,0,30.349999999998275,18.34999999999998
Pt 32_FD32_1,Pt 32,State-history,0.175,3,1,2,8,1,0,7,0,30.349999999998275,8.800000000000018
Pt 32_FD32_1,Pt 32,AC1_A3T,0.7,3,2,1,14,2,0,12,0,30.349999999998275,7.7499999999999645
Pt 32_FD32_1,Pt 32,AC1_A7T,0.6,3,0,3,12,0,0,12,0,30.349999999998275,12.749999999999991
Pt 32_FD32_1,Pt 32,AC1_RA5T,0.75,3,2,1,16,3,1,13,0,30.349999999998275,12.699999999999974
Pt 32_FD32_1,Pt 32,Recovery_A3T,0.8,3,1,2,9,1,0,8,0,30.349999999998275,3.500000000000007
Pt 32_FD32_1,Pt 32,Recovery_A7T,0.75,3,0,3,10,0,0,10,0,30.349999999998275,9.549999999999985
Pt 32_FD32_1,Pt 32,Recovery_RA5T,0.75,3,2,1,18,2,0,16,0,30.349999999998275,11.350000000000009
Pt 32_FD32_1,Pt 32,Reddening_A3T,0.7,3,1,2,8,1,0,7,0,30.349999999998275,10.749999999999986
Pt 32_FD32_1,Pt 32,Reddening_A7T,0.75,3,2,1,5,2,0,3,0,30.349999999998275,15.300000000000011
Pt 32_FD32_1,Pt 32,Reddening_RA5T,0.7,3,1,2,5,1,0,4,0,30.349999999998275,16.449999999999996
Pt 32_FD32_1,Pt 32,Variance_A3T,0.75,3,0,3,0,0,0,0,0,30.349999999998275,0.0
Pt 32_FD32_1,Pt 32,Variance_A7T,0.55,3,0,3,0,0,0,0,0,30.349999999998275,0.0
Pt 32_FD32_1,Pt 32,Variance_RA5T,0.65,3,0,3,3,0,0,3,0,30.349999999998275,5.950000000000003
Pt 33_FD33_1,Pt 33,Persistence,0.175,3,3,0,7,7,4,0,0,33.84999999999808,12.75
Pt 33_FD33_1,Pt 33,AC1,0.8,3,3,0,10,7,4,2,1,33.84999999999808,5.149999999999992
Pt 33_FD33_1,Pt 33,Variance,0.75,3,1,2,4,4,3,0,0,33.84999999999808,7.1000000000000085
Pt 33_FD33_1,Pt 33,Recovery,0.75,3,3,0,11,10,7,1,0,33.84999999999808,3.4499999999999886
Pt 33_FD33_1,Pt 33,Reddening,0.7,3,2,1,6,3,1,3,0,33.84999999999808,6.050000000000026
Pt 33_FD33_1,Pt 33,State-history,0.175,3,3,0,11,9,6,1,1,33.84999999999808,14.049999999999985
Pt 33_FD33_1,Pt 33,AC1_A3T,0.7,3,3,0,19,13,10,6,0,33.84999999999808,10.199999999999989
Pt 33_FD33_1,Pt 33,AC1_A7T,0.6,3,3,0,14,8,5,4,2,33.84999999999808,11.000000000000028
Pt 33_FD33_1,Pt 33,AC1_RA5T,0.75,3,3,0,12,8,5,3,1,33.84999999999808,8.750000000000014
Pt 33_FD33_1,Pt 33,Recovery_A3T,0.8,3,2,1,17,13,11,4,0,33.84999999999808,4.5
Pt 33_FD33_1,Pt 33,Recovery_A7T,0.75,3,3,0,11,8,5,2,1,33.84999999999808,2.8000000000000256
Pt 33_FD33_1,Pt 33,Recovery_RA5T,0.75,3,3,0,20,13,10,4,3,33.84999999999808,5.75
Pt 33_FD33_1,Pt 33,Reddening_A3T,0.7,3,2,1,15,12,10,3,0,33.84999999999808,9.300000000000011
Pt 33_FD33_1,Pt 33,Reddening_A7T,0.75,3,0,3,1,0,0,0,1,33.84999999999808,1.4000000000000057
Pt 33_FD33_1,Pt 33,Reddening_RA5T,0.7,3,2,1,8,3,1,4,1,33.84999999999808,6.349999999999994
Pt 33_FD33_1,Pt 33,Variance_A3T,0.75,3,2,1,9,7,5,0,2,33.84999999999808,13.449999999999974
Pt 33_FD33_1,Pt 33,Variance_A7T,0.55,3,1,2,3,2,1,0,1,33.84999999999808,12.699999999999974
Pt 33_FD33_1,Pt 33,Variance_RA5T,0.65,3,2,1,6,5,3,0,1,33.84999999999808,13.900000000000006
Pt 33_FD33_2,Pt 33,Persistence,0.175,5,1,4,7,1,0,6,0,33.84999999999808,9.700000000000005
Pt 33_FD33_2,Pt 33,AC1,0.8,5,2,3,12,3,1,9,0,33.84999999999808,13.200000000000005
Pt 33_FD33_2,Pt 33,Variance,0.75,5,2,3,2,2,0,0,0,33.84999999999808,27.950000000000017
Pt 33_FD33_2,Pt 33,Recovery,0.75,5,5,0,17,9,4,8,0,33.84999999999808,19.35000000000004
Pt 33_FD33_2,Pt 33,Reddening,0.7,5,1,4,6,1,0,5,0,33.84999999999808,18.050000000000026
Pt 33_FD33_2,Pt 33,State-history,0.175,5,3,2,10,3,0,7,0,33.84999999999808,12.599999999999994
Pt 33_FD33_2,Pt 33,AC1_A3T,0.7,5,5,0,25,15,10,10,0,33.84999999999808,21.59999999999997
Pt 33_FD33_2,Pt 33,AC1_A7T,0.6,5,3,2,7,4,1,3,0,33.84999999999808,30.69999999999999
Pt 33_FD33_2,Pt 33,AC1_RA5T,0.75,5,4,1,17,9,5,8,0,33.84999999999808,17.55000000000001
Pt 33_FD33_2,Pt 33,Recovery_A3T,0.8,5,4,1,26,13,9,13,0,33.84999999999808,12.600000000000009
Pt 33_FD33_2,Pt 33,Recovery_A7T,0.75,5,4,1,15,8,4,7,0,33.84999999999808,16.749999999999986
Pt 33_FD33_2,Pt 33,Recovery_RA5T,0.75,5,5,0,21,13,8,8,0,33.84999999999808,17.200000000000003
Pt 33_FD33_2,Pt 33,Reddening_A3T,0.7,5,5,0,8,5,0,3,0,33.84999999999808,26.950000000000003
Pt 33_FD33_2,Pt 33,Reddening_A7T,0.75,5,1,4,4,1,0,3,0,33.84999999999808,8.799999999999983
Pt 33_FD33_2,Pt 33,Reddening_RA5T,0.7,5,1,4,6,1,0,5,0,33.84999999999808,19.249999999999982
Pt 33_FD33_2,Pt 33,Variance_A3T,0.75,5,3,2,3,3,0,0,0,33.84999999999808,27.3
Pt 33_FD33_2,Pt 33,Variance_A7T,0.55,5,1,4,1,1,0,0,0,33.84999999999808,31.5
Pt 33_FD33_2,Pt 33,Variance_RA5T,0.65,5,1,4,3,1,0,2,0,33.84999999999808,32.499999999999986
Pt 33_FD33_4,Pt 33,Persistence,0.175,1,1,0,1,1,0,0,0,33.84999999999808,12.25
Pt 33_FD33_4,Pt 33,AC1,0.8,1,1,0,3,1,0,2,0,33.84999999999808,6.649999999999977
Pt 33_FD33_4,Pt 33,Variance,0.75,1,1,0,2,2,1,0,0,33.84999999999808,10.350000000000009
Pt 33_FD33_4,Pt 33,Recovery,0.75,1,1,0,8,5,4,3,0,33.84999999999808,9.75
Pt 33_FD33_4,Pt 33,Reddening,0.7,1,1,0,5,4,3,1,0,33.84999999999808,10.600000000000009
Pt 33_FD33_4,Pt 33,State-history,0.175,1,1,0,4,4,3,0,0,33.84999999999808,13.999999999999972
Pt 33_FD33_4,Pt 33,AC1_A3T,0.7,1,1,0,6,5,4,1,0,33.84999999999808,17.700000000000003
Pt 33_FD33_4,Pt 33,AC1_A7T,0.6,1,1,0,3,2,1,1,0,33.84999999999808,17.549999999999983
Pt 33_FD33_4,Pt 33,AC1_RA5T,0.75,1,1,0,5,2,1,3,0,33.84999999999808,7.149999999999992
Pt 33_FD33_4,Pt 33,Recovery_A3T,0.8,1,1,0,11,4,3,7,0,33.84999999999808,8.800000000000011
Pt 33_FD33_4,Pt 33,Recovery_A7T,0.75,1,1,0,4,2,1,2,0,33.84999999999808,6.849999999999994
Pt 33_FD33_4,Pt 33,Recovery_RA5T,0.75,1,1,0,6,2,1,4,0,33.84999999999808,8.049999999999969
Pt 33_FD33_4,Pt 33,Reddening_A3T,0.7,1,1,0,6,4,3,2,0,33.84999999999808,11.649999999999991
Pt 33_FD33_4,Pt 33,Reddening_A7T,0.75,1,1,0,4,2,1,2,0,33.84999999999808,7.949999999999989
Pt 33_FD33_4,Pt 33,Reddening_RA5T,0.7,1,1,0,4,3,2,1,0,33.84999999999808,9.65000000000002
Pt 33_FD33_4,Pt 33,Variance_A3T,0.75,1,1,0,4,4,3,0,0,33.84999999999808,11.399999999999991
Pt 33_FD33_4,Pt 33,Variance_A7T,0.55,1,1,0,2,2,1,0,0,33.84999999999808,29.60000000000001
Pt 33_FD33_4,Pt 33,Variance_RA5T,0.65,1,1,0,3,3,2,0,0,33.84999999999808,20.25
Pt 33_FD33_5,Pt 33,Persistence,0.175,4,4,0,5,5,1,0,0,33.84999999999808,17.69999999999999
Pt 33_FD33_5,Pt 33,AC1,0.8,4,4,0,14,4,0,10,0,33.84999999999808,8.199999999999974
Pt 33_FD33_5,Pt 33,Variance,0.75,4,2,2,3,3,1,0,0,33.84999999999808,10.750000000000014
Pt 33_FD33_5,Pt 33,Recovery,0.75,4,4,0,18,7,3,11,0,33.84999999999808,9.899999999999991
Pt 33_FD33_5,Pt 33,Reddening,0.7,4,2,2,10,6,4,4,0,33.84999999999808,13.099999999999994
Pt 33_FD33_5,Pt 33,State-history,0.175,4,4,0,9,8,4,1,0,33.84999999999808,18.999999999999982
Pt 33_FD33_5,Pt 33,AC1_A3T,0.7,4,4,0,24,12,8,12,0,33.84999999999808,14.649999999999975
Pt 33_FD33_5,Pt 33,AC1_A7T,0.6,4,3,1,12,3,0,9,0,33.84999999999808,14.40000000000002
Pt 33_FD33_5,Pt 33,AC1_RA5T,0.75,4,4,0,17,8,4,9,0,33.84999999999808,11.050000000000011
Pt 33_FD33_5,Pt 33,Recovery_A3T,0.8,4,4,0,20,14,10,6,0,33.84999999999808,6.200000000000003
Pt 33_FD33_5,Pt 33,Recovery_A7T,0.75,4,3,1,11,7,4,4,0,33.84999999999808,10.849999999999994
Pt 33_FD33_5,Pt 33,Recovery_RA5T,0.75,4,4,0,18,8,4,10,0,33.84999999999808,10.09999999999998
Pt 33_FD33_5,Pt 33,Reddening_A3T,0.7,4,3,1,14,10,7,4,0,33.84999999999808,10.550000000000011
Pt 33_FD33_5,Pt 33,Reddening_A7T,0.75,4,3,1,8,5,2,3,0,33.84999999999808,12.050000000000026
Pt 33_FD33_5,Pt 33,Reddening_RA5T,0.7,4,3,1,10,6,3,4,0,33.84999999999808,10.849999999999994
Pt 33_FD33_5,Pt 33,Variance_A3T,0.75,4,3,1,8,6,3,2,0,33.84999999999808,8.049999999999983
Pt 33_FD33_5,Pt 33,Variance_A7T,0.55,4,1,3,1,1,0,0,0,33.84999999999808,15.050000000000011
Pt 33_FD33_5,Pt 33,Variance_RA5T,0.65,4,2,2,2,2,0,0,0,33.84999999999808,13.499999999999986
Pt 33_FD33_6,Pt 33,Persistence,0.175,2,2,0,5,5,3,0,0,33.84999999999808,10.84999999999998
Pt 33_FD33_6,Pt 33,AC1,0.8,2,2,0,16,10,8,6,0,33.84999999999808,7.899999999999977
Pt 33_FD33_6,Pt 33,Variance,0.75,2,1,1,2,2,1,0,0,33.84999999999808,11.549999999999995
Pt 33_FD33_6,Pt 33,Recovery,0.75,2,2,0,21,14,12,7,0,33.84999999999808,10.999999999999972
Pt 33_FD33_6,Pt 33,Reddening,0.7,2,2,0,8,7,5,1,0,33.84999999999808,12.499999999999986
Pt 33_FD33_6,Pt 33,State-history,0.175,2,2,0,7,7,5,0,0,33.84999999999808,12.799999999999985
Pt 33_FD33_6,Pt 33,AC1_A3T,0.7,2,2,0,15,11,9,4,0,33.84999999999808,15.149999999999991
Pt 33_FD33_6,Pt 33,AC1_A7T,0.6,2,2,0,14,8,6,6,0,33.84999999999808,21.00000000000003
Pt 33_FD33_6,Pt 33,AC1_RA5T,0.75,2,2,0,15,9,7,6,0,33.84999999999808,14.700000000000005
Pt 33_FD33_6,Pt 33,Recovery_A3T,0.8,2,2,0,21,15,13,6,0,33.84999999999808,9.900000000000048
Pt 33_FD33_6,Pt 33,Recovery_A7T,0.75,2,2,0,10,6,4,4,0,33.84999999999808,12.299999999999985
Pt 33_FD33_6,Pt 33,Recovery_RA5T,0.75,2,2,0,19,13,11,6,0,33.84999999999808,9.199999999999989
Pt 33_FD33_6,Pt 33,Reddening_A3T,0.7,2,2,0,11,8,6,3,0,33.84999999999808,13.350000000000009
Pt 33_FD33_6,Pt 33,Reddening_A7T,0.75,2,2,0,7,6,4,1,0,33.84999999999808,9.750000000000014
Pt 33_FD33_6,Pt 33,Reddening_RA5T,0.7,2,2,0,6,5,3,1,0,33.84999999999808,13.65000000000002
Pt 33_FD33_6,Pt 33,Variance_A3T,0.75,2,1,1,3,3,2,0,0,33.84999999999808,10.299999999999995
Pt 33_FD33_6,Pt 33,Variance_A7T,0.55,2,1,1,3,2,1,1,0,33.84999999999808,19.90000000000001
Pt 33_FD33_6,Pt 33,Variance_RA5T,0.65,2,1,1,2,2,1,0,0,33.84999999999808,13.850000000000009
