tag,participant,method,alarm_id,issued_at,observed_end,right_censored,next_onset,previous_reference_end,status,lead_sec
Pt 10_FD10_1,Pt 10,State-history,1,59.6,61.0,0,60.746,48.54,successful_between_events,1.1460000000000008
Pt 10_FD10_1,Pt 10,State-history,2,64.3,64.5,0,64.54599999999999,61.34,successful_between_events,0.2459999999999951
Pt 10_FD10_1,Pt 10,State-history,3,67.5,69.35,0,68.59599999999999,65.06,successful_between_events,1.0959999999999894
Pt 10_FD10_1,Pt 10,State-history,4,72.35,73.95,0,73.996,72.64,during_reference_event_or_boundary,
Pt 10_FD10_1,Pt 10,State-history,5,78.05,78.9,0,79.696,76.74,successful_between_events,1.6460000000000008
Pt 10_FD10_1,Pt 10,State-history,6,79.65,79.8,0,79.696,76.74,successful_between_events,0.0459999999999922
Pt 10_FD10_1,Pt 10,State-history,7,80.9,81.1,0,83.68599999999999,81.29,during_reference_event_or_boundary,
Pt 10_FD10_1,Pt 10,State-history,8,82.55,83.0,0,83.68599999999999,81.29,successful_between_events,1.1359999999999957
Pt 10_FD10_1,Pt 10,State-history,9,83.55,83.85,0,83.68599999999999,81.29,successful_between_events,0.1359999999999956
Pt 10_FD10_1,Pt 10,State-history,10,84.3,84.5,0,86.87599999999999,84.69,during_reference_event_or_boundary,
Pt 10_FD10_1,Pt 10,State-history,11,88.5,89.25,0,89.056,87.7,successful_between_events,0.5559999999999974
Pt 10_FD10_1,Pt 10,State-history,12,89.55,89.85,1,,89.99,during_reference_event_or_boundary,
Pt 10_FD10_2,Pt 10,State-history,1,71.45,71.65,0,81.416,55.09,successful_between_events,9.965999999999994
Pt 10_FD10_2,Pt 10,State-history,2,73.1,74.15,0,81.416,55.09,successful_between_events,8.316000000000003
Pt 10_FD10_2,Pt 10,State-history,3,80.5,89.7,0,81.416,55.09,successful_between_events,0.9159999999999968
Pt 10_FD10_4,Pt 10,State-history,1,64.4,67.7,0,68.856,59.31,successful_between_events,4.455999999999989
Pt 10_FD10_4,Pt 10,State-history,2,68.0,68.85,0,68.856,59.31,successful_between_events,0.8559999999999945
Pt 10_FD10_4,Pt 10,State-history,3,69.3,70.3,0,73.67599999999999,72.32,during_reference_event_or_boundary,
Pt 10_FD10_4,Pt 10,State-history,4,71.2,71.4,0,73.67599999999999,72.32,during_reference_event_or_boundary,
Pt 10_FD10_4,Pt 10,State-history,5,71.95,72.95,0,73.67599999999999,72.32,during_reference_event_or_boundary,
Pt 10_FD10_4,Pt 10,State-history,6,73.4,74.2,0,73.67599999999999,72.32,successful_between_events,0.275999999999982
Pt 10_FD10_4,Pt 10,State-history,7,74.85,75.05,0,75.746,74.39,successful_between_events,0.8960000000000008
Pt 10_FD10_4,Pt 10,State-history,8,75.4,77.5,0,75.746,74.39,successful_between_events,0.3459999999999894
Pt 10_FD10_4,Pt 10,State-history,9,77.8,79.25,0,80.966,79.61,during_reference_event_or_boundary,
Pt 10_FD10_4,Pt 10,State-history,10,80.0,81.25,0,80.966,79.61,successful_between_events,0.965999999999994
Pt 10_FD10_4,Pt 10,State-history,11,81.9,82.55,0,82.726,81.37,successful_between_events,0.8259999999999934
Pt 10_FD10_4,Pt 10,State-history,12,83.5,84.15,0,,89.99,during_reference_event_or_boundary,
Pt 10_FD10_4,Pt 10,State-history,13,84.65,85.45,0,,89.99,during_reference_event_or_boundary,
Pt 10_FD10_4,Pt 10,State-history,14,86.0,86.85,0,,89.99,during_reference_event_or_boundary,
Pt 10_FD10_4,Pt 10,State-history,15,87.5,89.85,1,,89.99,during_reference_event_or_boundary,
Pt 18_FD18_2,Pt 18,State-history,1,59.6,59.85,0,62.826,60.82,during_reference_event_or_boundary,
Pt 18_FD18_2,Pt 18,State-history,2,60.05,60.9,0,62.826,60.82,during_reference_event_or_boundary,
Pt 18_FD18_2,Pt 18,State-history,3,62.95,66.35,0,65.256,63.9,during_reference_event_or_boundary,
Pt 18_FD18_2,Pt 18,State-history,4,68.45,73.35,0,69.306,66.53,successful_between_events,0.8559999999999945
Pt 18_FD18_2,Pt 18,State-history,5,76.25,77.95,0,77.31599999999999,73.39,successful_between_events,1.0659999999999883
Pt 18_FD18_2,Pt 18,State-history,6,78.1,89.85,1,,89.99,during_reference_event_or_boundary,
Pt 18_FD18_3,Pt 18,State-history,1,59.95,60.4,0,62.196000000000005,60.84,during_reference_event_or_boundary,
Pt 18_FD18_3,Pt 18,State-history,2,60.7,60.85,0,62.196000000000005,60.84,during_reference_event_or_boundary,
Pt 18_FD18_3,Pt 18,State-history,3,61.7,61.9,0,62.196000000000005,60.84,successful_between_events,0.4960000000000022
Pt 18_FD18_3,Pt 18,State-history,4,62.05,62.25,0,62.196000000000005,60.84,successful_between_events,0.1460000000000079
Pt 18_FD18_3,Pt 18,State-history,5,63.6,65.0,0,69.62599999999999,68.27,during_reference_event_or_boundary,
Pt 18_FD18_3,Pt 18,State-history,6,69.55,69.9,0,69.62599999999999,68.27,successful_between_events,0.0759999999999934
Pt 18_FD18_3,Pt 18,State-history,7,71.25,71.9,0,74.136,71.03,successful_between_events,2.885999999999996
Pt 18_FD18_3,Pt 18,State-history,8,74.4,74.55,0,75.90599999999999,74.55,during_reference_event_or_boundary,
Pt 18_FD18_3,Pt 18,State-history,9,74.85,75.8,0,75.90599999999999,74.55,successful_between_events,1.0559999999999974
Pt 18_FD18_3,Pt 18,State-history,10,75.95,78.7,0,83.84599999999999,82.49,during_reference_event_or_boundary,
Pt 18_FD18_3,Pt 18,State-history,11,78.85,79.3,0,83.84599999999999,82.49,during_reference_event_or_boundary,
Pt 18_FD18_3,Pt 18,State-history,12,84.0,84.4,0,87.526,86.17,during_reference_event_or_boundary,
Pt 18_FD18_3,Pt 18,State-history,13,85.45,86.7,0,87.526,86.17,during_reference_event_or_boundary,
Pt 18_FD18_3,Pt 18,State-history,14,86.85,87.1,0,87.526,86.17,successful_between_events,0.6760000000000019
Pt 18_FD18_3,Pt 18,State-history,15,89.1,89.25,0,,89.99,during_reference_event_or_boundary,
Pt 18_FD18_4,Pt 18,State-history,1,60.25,62.1,0,61.836,53.99,successful_between_events,1.5859999999999983
Pt 18_FD18_4,Pt 18,State-history,2,63.95,64.3,0,64.196,62.22,successful_between_events,0.2459999999999951
Pt 18_FD18_4,Pt 18,State-history,3,64.45,65.1,0,67.866,65.11,during_reference_event_or_boundary,
Pt 18_FD18_4,Pt 18,State-history,4,66.2,67.0,0,67.866,65.11,successful_between_events,1.6659999999999968
Pt 18_FD18_4,Pt 18,State-history,5,67.55,70.9,0,67.866,65.11,successful_between_events,0.3160000000000025
Pt 18_FD18_4,Pt 18,State-history,6,72.6,72.9,0,74.246,70.94,successful_between_events,1.6460000000000008
Pt 18_FD18_4,Pt 18,State-history,7,73.3,73.55,0,74.246,70.94,successful_between_events,0.945999999999998
Pt 18_FD18_4,Pt 18,State-history,8,73.8,74.85,0,74.246,70.94,successful_between_events,0.4459999999999979
Pt 18_FD18_4,Pt 18,State-history,9,75.45,77.0,0,76.20599999999999,74.85,successful_between_events,0.755999999999986
Pt 18_FD18_4,Pt 18,State-history,10,79.4,79.85,0,80.136,77.04,successful_between_events,0.73599999999999
Pt 18_FD18_4,Pt 18,State-history,11,80.2,89.85,1,,89.99,during_reference_event_or_boundary,
Pt 18_FD18_5,Pt 18,State-history,1,59.6,60.5,0,59.876000000000005,53.81,successful_between_events,0.2760000000000033
Pt 18_FD18_5,Pt 18,State-history,2,60.95,61.2,0,62.996,60.54,successful_between_events,2.046
Pt 18_FD18_5,Pt 18,State-history,3,62.8,66.2,0,62.996,60.54,successful_between_events,0.196000000000005
Pt 18_FD18_5,Pt 18,State-history,4,66.5,67.85,0,66.636,65.28,successful_between_events,0.1359999999999956
Pt 18_FD18_5,Pt 18,State-history,5,70.0,70.3,0,75.95599999999999,67.9,successful_between_events,5.955999999999989
Pt 18_FD18_5,Pt 18,State-history,6,73.8,74.35,0,75.95599999999999,67.9,successful_between_events,2.155999999999992
Pt 18_FD18_5,Pt 18,State-history,7,74.6,83.8,0,75.95599999999999,67.9,successful_between_events,1.3559999999999943
Pt 18_FD18_5,Pt 18,State-history,8,85.5,89.85,1,85.67599999999999,83.78,successful_between_events,0.1759999999999877
Pt 20_FD20_2,Pt 20,State-history,1,63.25,64.2,0,63.386,53.0,successful_between_events,0.1360000000000027
Pt 20_FD20_2,Pt 20,State-history,2,66.55,66.95,0,66.776,63.89,successful_between_events,0.2259999999999991
Pt 20_FD20_2,Pt 20,State-history,3,67.2,68.2,0,75.556,68.22,during_reference_event_or_boundary,
Pt 20_FD20_2,Pt 20,State-history,4,72.7,73.15,0,75.556,68.22,successful_between_events,2.8559999999999945
Pt 20_FD20_2,Pt 20,State-history,5,75.2,76.05,0,75.556,68.22,successful_between_events,0.3559999999999945
Pt 20_FD20_2,Pt 20,State-history,6,76.4,76.65,0,78.446,76.37,successful_between_events,2.0459999999999923
Pt 20_FD20_2,Pt 20,State-history,7,77.9,78.55,0,78.446,76.37,successful_between_events,0.5459999999999923
Pt 20_FD20_2,Pt 20,State-history,8,80.6,80.9,0,81.226,78.81,successful_between_events,0.6260000000000048
Pt 20_FD20_2,Pt 20,State-history,9,82.55,85.35,0,83.076,81.72,successful_between_events,0.5259999999999962
Pt 20_FD20_2,Pt 20,State-history,10,85.75,89.85,1,,89.99,during_reference_event_or_boundary,
Pt 20_FD20_3,Pt 20,State-history,1,60.7,62.7,0,61.196000000000005,57.28,successful_between_events,0.4960000000000022
Pt 20_FD20_3,Pt 20,State-history,2,63.45,63.65,0,65.226,62.08,successful_between_events,1.7759999999999962
Pt 20_FD20_3,Pt 20,State-history,3,65.6,66.5,0,68.34599999999999,66.11,during_reference_event_or_boundary,
Pt 20_FD20_3,Pt 20,State-history,4,67.3,67.65,0,68.34599999999999,66.11,successful_between_events,1.0459999999999925
Pt 20_FD20_3,Pt 20,State-history,5,68.5,69.55,0,71.15599999999999,69.09,during_reference_event_or_boundary,
Pt 20_FD20_3,Pt 20,State-history,6,70.3,70.7,0,71.15599999999999,69.09,successful_between_events,0.8559999999999945
Pt 20_FD20_3,Pt 20,State-history,7,71.6,72.45,0,76.336,71.72,during_reference_event_or_boundary,
Pt 20_FD20_3,Pt 20,State-history,8,73.6,73.85,0,76.336,71.72,successful_between_events,2.736000000000004
Pt 20_FD20_3,Pt 20,State-history,9,76.05,89.85,1,76.336,71.72,successful_between_events,0.2860000000000013
Pt 20_FD20_4,Pt 20,State-history,1,60.55,61.15,0,62.916,60.73,during_reference_event_or_boundary,
Pt 20_FD20_4,Pt 20,State-history,2,62.9,63.25,0,62.916,60.73,successful_between_events,0.0160000000000053
Pt 20_FD20_4,Pt 20,State-history,3,67.0,69.7,0,67.466,64.15,successful_between_events,0.465999999999994
Pt 20_FD20_4,Pt 20,State-history,4,73.55,74.15,0,73.576,70.93,successful_between_events,0.0259999999999962
Pt 20_FD20_4,Pt 20,State-history,5,76.3,77.1,0,83.54599999999999,77.62,during_reference_event_or_boundary,
Pt 20_FD20_4,Pt 20,State-history,6,78.95,79.25,0,83.54599999999999,77.62,successful_between_events,4.595999999999989
Pt 20_FD20_4,Pt 20,State-history,7,83.35,88.9,0,83.54599999999999,77.62,successful_between_events,0.1959999999999979
Pt 20_FD20_4,Pt 20,State-history,8,89.2,89.85,1,,89.99,during_reference_event_or_boundary,
Pt 20_FD20_5,Pt 20,State-history,1,66.7,67.3,0,66.896,59.53,successful_between_events,0.1959999999999979
Pt 20_FD20_5,Pt 20,State-history,2,68.1,68.25,0,70.976,68.32,during_reference_event_or_boundary,
Pt 20_FD20_5,Pt 20,State-history,3,70.8,71.2,0,70.976,68.32,successful_between_events,0.1760000000000019
Pt 20_FD20_5,Pt 20,State-history,4,71.35,72.6,0,78.276,75.98,during_reference_event_or_boundary,
Pt 20_FD20_5,Pt 20,State-history,5,73.4,74.0,0,78.276,75.98,during_reference_event_or_boundary,
Pt 20_FD20_5,Pt 20,State-history,6,74.2,74.95,0,78.276,75.98,during_reference_event_or_boundary,
Pt 20_FD20_5,Pt 20,State-history,7,78.25,78.55,0,78.276,75.98,successful_between_events,0.0259999999999962
Pt 20_FD20_5,Pt 20,State-history,8,78.75,80.55,0,88.776,84.76,during_reference_event_or_boundary,
Pt 20_FD20_5,Pt 20,State-history,9,80.9,82.05,0,88.776,84.76,during_reference_event_or_boundary,
Pt 20_FD20_5,Pt 20,State-history,10,82.25,83.2,0,88.776,84.76,during_reference_event_or_boundary,
Pt 20_FD20_5,Pt 20,State-history,11,88.85,89.85,1,,89.99,during_reference_event_or_boundary,
Pt 20_FD20_6,Pt 20,State-history,1,60.2,61.55,0,60.296,57.32,successful_between_events,0.0959999999999965
Pt 20_FD20_6,Pt 20,State-history,2,63.0,63.75,0,72.526,61.75,successful_between_events,9.525999999999996
Pt 20_FD20_6,Pt 20,State-history,3,65.65,66.0,0,72.526,61.75,successful_between_events,6.875999999999991
Pt 20_FD20_6,Pt 20,State-history,4,68.4,69.0,0,72.526,61.75,successful_between_events,4.125999999999991
Pt 20_FD20_6,Pt 20,State-history,5,72.35,73.15,0,72.526,61.75,successful_between_events,0.1760000000000019
Pt 20_FD20_6,Pt 20,State-history,6,74.05,74.25,0,74.98599999999999,73.63,successful_between_events,0.9359999999999928
Pt 20_FD20_6,Pt 20,State-history,7,74.95,75.25,0,74.98599999999999,73.63,successful_between_events,0.0359999999999871
Pt 20_FD20_6,Pt 20,State-history,8,78.4,78.8,0,81.646,79.05,during_reference_event_or_boundary,
Pt 20_FD20_6,Pt 20,State-history,9,81.45,82.25,0,81.646,79.05,successful_between_events,0.1959999999999979
Pt 20_FD20_6,Pt 20,State-history,10,82.6,83.6,0,84.216,82.86,during_reference_event_or_boundary,
Pt 20_FD20_6,Pt 20,State-history,11,84.55,85.0,0,87.836,86.48,during_reference_event_or_boundary,
Pt 20_FD20_6,Pt 20,State-history,12,88.35,89.85,1,,89.99,during_reference_event_or_boundary,
Pt 22_FD22_3,Pt 22,State-history,1,60.54,61.14,0,84.106,41.92,successful_between_events,23.565999999999995
Pt 22_FD22_3,Pt 22,State-history,2,66.49,66.79,0,84.106,41.92,successful_between_events,17.616
Pt 22_FD22_3,Pt 22,State-history,3,67.09,67.44,0,84.106,41.92,successful_between_events,17.01599999999999
Pt 22_FD22_3,Pt 22,State-history,4,67.69,68.94,0,84.106,41.92,successful_between_events,16.415999999999997
Pt 22_FD22_3,Pt 22,State-history,5,70.44,72.84,0,84.106,41.92,successful_between_events,13.665999999999997
Pt 22_FD22_3,Pt 22,State-history,6,81.99,89.84,1,84.106,41.92,successful_between_events,2.116
Pt 31_FD31_1,Pt 31,State-history,1,69.5,70.05,0,70.446,60.26,successful_between_events,0.945999999999998
Pt 31_FD31_1,Pt 31,State-history,2,70.3,72.75,0,70.446,60.26,successful_between_events,0.1460000000000008
Pt 31_FD31_1,Pt 31,State-history,3,74.2,74.35,0,83.87599999999999,75.84,during_reference_event_or_boundary,
Pt 31_FD31_1,Pt 31,State-history,4,74.95,75.65,0,83.87599999999999,75.84,during_reference_event_or_boundary,
Pt 31_FD31_1,Pt 31,State-history,5,83.0,84.6,0,83.87599999999999,75.84,successful_between_events,0.8759999999999906
Pt 31_FD31_1,Pt 31,State-history,6,85.05,85.55,0,,89.99,during_reference_event_or_boundary,
Pt 31_FD31_1,Pt 31,State-history,7,86.1,86.4,0,,89.99,during_reference_event_or_boundary,
Pt 31_FD31_1,Pt 31,State-history,8,87.05,87.2,0,,89.99,during_reference_event_or_boundary,
Pt 31_FD31_1,Pt 31,State-history,9,87.95,89.15,0,,89.99,during_reference_event_or_boundary,
Pt 31_FD31_1,Pt 31,State-history,10,89.35,89.85,1,,89.99,during_reference_event_or_boundary,
Pt 31_FD31_2,Pt 31,State-history,1,70.95,71.15,0,71.90599999999999,60.23,successful_between_events,0.9559999999999887
Pt 31_FD31_2,Pt 31,State-history,2,71.6,71.8,0,71.90599999999999,60.23,successful_between_events,0.3059999999999974
Pt 31_FD31_2,Pt 31,State-history,3,71.95,74.4,0,84.23599999999999,81.29,during_reference_event_or_boundary,
Pt 31_FD31_2,Pt 31,State-history,4,76.0,76.2,0,84.23599999999999,81.29,during_reference_event_or_boundary,
Pt 31_FD31_2,Pt 31,State-history,5,78.0,79.4,0,84.23599999999999,81.29,during_reference_event_or_boundary,
Pt 31_FD31_2,Pt 31,State-history,6,83.9,85.65,0,84.23599999999999,81.29,successful_between_events,0.3359999999999843
Pt 31_FD31_2,Pt 31,State-history,7,85.9,86.85,0,,89.99,during_reference_event_or_boundary,
Pt 31_FD31_2,Pt 31,State-history,8,87.45,87.6,0,,89.99,during_reference_event_or_boundary,
Pt 31_FD31_2,Pt 31,State-history,9,89.15,89.35,0,,89.99,during_reference_event_or_boundary,
Pt 32_FD32_1,Pt 32,State-history,1,59.65,61.85,0,68.866,67.51,during_reference_event_or_boundary,
Pt 32_FD32_1,Pt 32,State-history,2,62.7,63.6,0,68.866,67.51,during_reference_event_or_boundary,
Pt 32_FD32_1,Pt 32,State-history,3,71.05,71.4,0,76.48599999999999,75.13,during_reference_event_or_boundary,
Pt 32_FD32_1,Pt 32,State-history,4,78.5,81.45,0,86.17599999999999,84.82,during_reference_event_or_boundary,
Pt 32_FD32_1,Pt 32,State-history,5,82.35,83.15,0,86.17599999999999,84.82,during_reference_event_or_boundary,
Pt 32_FD32_1,Pt 32,State-history,6,86.05,86.3,0,86.17599999999999,84.82,successful_between_events,0.1259999999999905
Pt 32_FD32_1,Pt 32,State-history,7,86.5,87.15,0,,89.99,during_reference_event_or_boundary,
Pt 32_FD32_1,Pt 32,State-history,8,89.15,89.85,1,,89.99,during_reference_event_or_boundary,
Pt 33_FD33_1,Pt 33,State-history,1,66.1,66.4,0,71.806,34.46,successful_between_events,5.706000000000003
Pt 33_FD33_1,Pt 33,State-history,2,68.5,69.5,0,71.806,34.46,successful_between_events,3.3059999999999974
Pt 33_FD33_1,Pt 33,State-history,3,70.85,72.4,0,71.806,34.46,successful_between_events,0.9560000000000032
Pt 33_FD33_1,Pt 33,State-history,4,75.65,75.85,0,85.116,72.26,successful_between_events,9.465999999999994
Pt 33_FD33_1,Pt 33,State-history,5,77.2,77.8,0,85.116,72.26,successful_between_events,7.915999999999997
Pt 33_FD33_1,Pt 33,State-history,6,78.1,79.5,0,85.116,72.26,successful_between_events,7.016000000000005
Pt 33_FD33_1,Pt 33,State-history,7,83.65,83.8,0,85.116,72.26,successful_between_events,1.465999999999994
Pt 33_FD33_1,Pt 33,State-history,8,84.75,88.6,0,85.116,72.26,successful_between_events,0.3659999999999996
Pt 33_FD33_1,Pt 33,State-history,9,89.9,93.5,0,91.156,87.86,successful_between_events,1.255999999999986
Pt 33_FD33_1,Pt 33,State-history,10,93.65,94.85,0,,95.66,during_reference_event_or_boundary,
Pt 33_FD33_1,Pt 33,State-history,11,98.7,98.9,0,,95.66,no_later_onset_observed,
Pt 33_FD33_2,Pt 33,State-history,1,66.6,67.5,0,75.946,67.49,during_reference_event_or_boundary,
Pt 33_FD33_2,Pt 33,State-history,2,75.65,76.0,0,75.946,67.49,successful_between_events,0.2959999999999922
Pt 33_FD33_2,Pt 33,State-history,3,76.15,77.85,0,80.636,77.84,during_reference_event_or_boundary,
Pt 33_FD33_2,Pt 33,State-history,4,80.35,81.2,0,80.636,77.84,successful_between_events,0.2860000000000013
Pt 33_FD33_2,Pt 33,State-history,5,86.3,88.05,0,86.56599999999999,81.06,successful_between_events,0.2659999999999911
Pt 33_FD33_2,Pt 33,State-history,6,88.95,89.25,0,90.766,89.41,during_reference_event_or_boundary,
Pt 33_FD33_2,Pt 33,State-history,7,91.0,91.4,0,,99.99,during_reference_event_or_boundary,
Pt 33_FD33_2,Pt 33,State-history,8,91.6,95.55,0,,99.99,during_reference_event_or_boundary,
Pt 33_FD33_2,Pt 33,State-history,9,96.5,96.95,0,,99.99,during_reference_event_or_boundary,
Pt 33_FD33_2,Pt 33,State-history,10,97.9,99.85,1,,99.99,during_reference_event_or_boundary,
Pt 33_FD33_4,Pt 33,State-history,1,71.15,71.35,0,90.706,10.0,successful_between_events,19.555999999999983
Pt 33_FD33_4,Pt 33,State-history,2,85.75,86.1,0,90.706,10.0,successful_between_events,4.955999999999989
Pt 33_FD33_4,Pt 33,State-history,3,86.25,86.55,0,90.706,10.0,successful_between_events,4.455999999999989
Pt 33_FD33_4,Pt 33,State-history,4,86.7,99.85,1,90.706,10.0,successful_between_events,4.005999999999986
Pt 33_FD33_5,Pt 33,State-history,1,70.55,71.0,0,74.62599999999999,6.63,successful_between_events,4.075999999999993
Pt 33_FD33_5,Pt 33,State-history,2,72.6,72.8,0,74.62599999999999,6.63,successful_between_events,2.025999999999996
Pt 33_FD33_5,Pt 33,State-history,3,73.05,75.5,0,74.62599999999999,6.63,successful_between_events,1.5759999999999934
Pt 33_FD33_5,Pt 33,State-history,4,77.5,79.25,0,81.95599999999999,75.46,successful_between_events,4.455999999999989
Pt 33_FD33_5,Pt 33,State-history,5,81.75,82.85,0,81.95599999999999,75.46,successful_between_events,0.2059999999999888
Pt 33_FD33_5,Pt 33,State-history,6,83.85,84.1,0,86.466,82.76,successful_between_events,2.616
Pt 33_FD33_5,Pt 33,State-history,7,86.25,90.35,0,86.466,82.76,successful_between_events,0.2159999999999939
Pt 33_FD33_5,Pt 33,State-history,8,90.9,98.8,0,91.916,90.56,successful_between_events,1.0159999999999911
Pt 33_FD33_5,Pt 33,State-history,9,99.05,99.85,1,,99.99,during_reference_event_or_boundary,
Pt 33_FD33_6,Pt 33,State-history,1,75.7,75.85,0,83.62599999999999,63.44,successful_between_events,7.925999999999988
Pt 33_FD33_6,Pt 33,State-history,2,77.85,79.35,0,83.62599999999999,63.44,successful_between_events,5.775999999999996
Pt 33_FD33_6,Pt 33,State-history,3,79.8,80.5,0,83.62599999999999,63.44,successful_between_events,3.8259999999999934
Pt 33_FD33_6,Pt 33,State-history,4,82.9,83.05,0,83.62599999999999,63.44,successful_between_events,0.7259999999999849
Pt 33_FD33_6,Pt 33,State-history,5,83.35,83.6,0,83.62599999999999,63.44,successful_between_events,0.2759999999999962
Pt 33_FD33_6,Pt 33,State-history,6,89.25,90.0,0,90.836,84.11,successful_between_events,1.5859999999999983
Pt 33_FD33_6,Pt 33,State-history,7,90.55,99.85,1,90.836,84.11,successful_between_events,0.2860000000000013
