tag,participant,method,reference_onset,previous_reference_end,scored_test_start,left_truncated,covered,n_successful_warnings,first_warning,lead_sec
Pt 10_FD10_1,Pt 10,State-history,60.746,48.54,59.5,1,1,1,59.6,1.1460000000000008
Pt 10_FD10_1,Pt 10,State-history,64.54599999999999,61.34,59.5,0,1,1,64.3,0.2459999999999951
Pt 10_FD10_1,Pt 10,State-history,68.59599999999999,65.06,59.5,0,1,1,67.5,1.0959999999999894
Pt 10_FD10_1,Pt 10,State-history,71.716,69.43,59.5,0,0,0,,
Pt 10_FD10_1,Pt 10,State-history,73.996,72.64,59.5,0,0,0,,
Pt 10_FD10_1,Pt 10,State-history,75.836,74.48,59.5,0,0,0,,
Pt 10_FD10_1,Pt 10,State-history,79.696,76.74,59.5,0,1,2,78.05,1.6460000000000008
Pt 10_FD10_1,Pt 10,State-history,83.68599999999999,81.29,59.5,0,1,2,82.55,1.1359999999999957
Pt 10_FD10_1,Pt 10,State-history,86.87599999999999,84.69,59.5,0,0,0,,
Pt 10_FD10_1,Pt 10,State-history,89.056,87.7,59.5,0,1,1,88.5,0.5559999999999974
Pt 10_FD10_2,Pt 10,State-history,81.416,55.09,59.5,1,1,3,71.45,9.965999999999994
Pt 10_FD10_2,Pt 10,State-history,85.836,84.48,59.5,0,0,0,,
Pt 10_FD10_4,Pt 10,State-history,68.856,59.31,59.5,1,1,2,64.4,4.455999999999989
Pt 10_FD10_4,Pt 10,State-history,73.67599999999999,72.32,59.5,0,1,1,73.4,0.275999999999982
Pt 10_FD10_4,Pt 10,State-history,75.746,74.39,59.5,0,1,2,74.85,0.8960000000000008
Pt 10_FD10_4,Pt 10,State-history,80.966,79.61,59.5,0,1,1,80.0,0.965999999999994
Pt 10_FD10_4,Pt 10,State-history,82.726,81.37,59.5,0,1,1,81.9,0.8259999999999934
Pt 18_FD18_2,Pt 18,State-history,62.826,60.82,59.5,0,0,0,,
Pt 18_FD18_2,Pt 18,State-history,65.256,63.9,59.5,0,0,0,,
Pt 18_FD18_2,Pt 18,State-history,69.306,66.53,59.5,0,1,1,68.45,0.8559999999999945
Pt 18_FD18_2,Pt 18,State-history,77.31599999999999,73.39,59.5,0,1,1,76.25,1.0659999999999883
Pt 18_FD18_3,Pt 18,State-history,62.196000000000005,60.84,59.5,0,1,2,61.7,0.4960000000000022
Pt 18_FD18_3,Pt 18,State-history,69.62599999999999,68.27,59.5,0,1,1,69.55,0.0759999999999934
Pt 18_FD18_3,Pt 18,State-history,74.136,71.03,59.5,0,1,1,71.25,2.885999999999996
Pt 18_FD18_3,Pt 18,State-history,75.90599999999999,74.55,59.5,0,1,1,74.85,1.0559999999999974
Pt 18_FD18_3,Pt 18,State-history,83.84599999999999,82.49,59.5,0,0,0,,
Pt 18_FD18_3,Pt 18,State-history,87.526,86.17,59.5,0,1,1,86.85,0.6760000000000019
Pt 18_FD18_4,Pt 18,State-history,61.836,53.99,59.5,1,1,1,60.25,1.5859999999999983
Pt 18_FD18_4,Pt 18,State-history,64.196,62.22,59.5,0,1,1,63.95,0.2459999999999951
Pt 18_FD18_4,Pt 18,State-history,67.866,65.11,59.5,0,1,2,66.2,1.6659999999999968
Pt 18_FD18_4,Pt 18,State-history,74.246,70.94,59.5,0,1,3,72.6,1.6460000000000008
Pt 18_FD18_4,Pt 18,State-history,76.20599999999999,74.85,59.5,0,1,1,75.45,0.755999999999986
Pt 18_FD18_4,Pt 18,State-history,80.136,77.04,59.5,0,1,1,79.4,0.73599999999999
Pt 18_FD18_5,Pt 18,State-history,59.876000000000005,53.81,59.5,1,1,1,59.6,0.2760000000000033
Pt 18_FD18_5,Pt 18,State-history,62.996,60.54,59.5,0,1,2,60.95,2.046
Pt 18_FD18_5,Pt 18,State-history,66.636,65.28,59.5,0,1,1,66.5,0.1359999999999956
Pt 18_FD18_5,Pt 18,State-history,75.95599999999999,67.9,59.5,0,1,3,70.0,5.955999999999989
Pt 18_FD18_5,Pt 18,State-history,85.67599999999999,83.78,59.5,0,1,1,85.5,0.1759999999999877
Pt 20_FD20_2,Pt 20,State-history,63.386,53.0,59.5,1,1,1,63.25,0.1360000000000027
Pt 20_FD20_2,Pt 20,State-history,66.776,63.89,59.5,0,1,1,66.55,0.2259999999999991
Pt 20_FD20_2,Pt 20,State-history,75.556,68.22,59.5,0,1,2,72.7,2.8559999999999945
Pt 20_FD20_2,Pt 20,State-history,78.446,76.37,59.5,0,1,2,76.4,2.0459999999999923
Pt 20_FD20_2,Pt 20,State-history,81.226,78.81,59.5,0,1,1,80.6,0.6260000000000048
Pt 20_FD20_2,Pt 20,State-history,83.076,81.72,59.5,0,1,1,82.55,0.5259999999999962
Pt 20_FD20_3,Pt 20,State-history,61.196000000000005,57.28,59.5,1,1,1,60.7,0.4960000000000022
Pt 20_FD20_3,Pt 20,State-history,65.226,62.08,59.5,0,1,1,63.45,1.7759999999999962
Pt 20_FD20_3,Pt 20,State-history,68.34599999999999,66.11,59.5,0,1,1,67.3,1.0459999999999925
Pt 20_FD20_3,Pt 20,State-history,71.15599999999999,69.09,59.5,0,1,1,70.3,0.8559999999999945
Pt 20_FD20_3,Pt 20,State-history,76.336,71.72,59.5,0,1,2,73.6,2.736000000000004
Pt 20_FD20_4,Pt 20,State-history,62.916,60.73,59.5,0,1,1,62.9,0.0159999999999982
Pt 20_FD20_4,Pt 20,State-history,67.466,64.15,59.5,0,1,1,67.0,0.465999999999994
Pt 20_FD20_4,Pt 20,State-history,73.576,70.93,59.5,0,1,1,73.55,0.0259999999999962
Pt 20_FD20_4,Pt 20,State-history,76.20599999999999,74.85,59.5,0,0,0,,
Pt 20_FD20_4,Pt 20,State-history,83.54599999999999,77.62,59.5,0,1,2,78.95,4.595999999999989
Pt 20_FD20_5,Pt 20,State-history,66.896,59.53,59.5,0,1,1,66.7,0.1959999999999979
Pt 20_FD20_5,Pt 20,State-history,70.976,68.32,59.5,0,1,1,70.8,0.1760000000000019
Pt 20_FD20_5,Pt 20,State-history,78.276,75.98,59.5,0,1,1,78.25,0.0259999999999962
Pt 20_FD20_5,Pt 20,State-history,88.776,84.76,59.5,0,0,0,,
Pt 20_FD20_6,Pt 20,State-history,60.296,57.32,59.5,1,1,1,60.2,0.0959999999999965
Pt 20_FD20_6,Pt 20,State-history,72.526,61.75,59.5,0,1,4,63.0,9.525999999999996
Pt 20_FD20_6,Pt 20,State-history,74.98599999999999,73.63,59.5,0,1,2,74.05,0.9359999999999928
Pt 20_FD20_6,Pt 20,State-history,78.06599999999999,76.71,59.5,0,0,0,,
Pt 20_FD20_6,Pt 20,State-history,81.646,79.05,59.5,0,1,1,81.45,0.1959999999999979
Pt 20_FD20_6,Pt 20,State-history,84.216,82.86,59.5,0,0,0,,
Pt 20_FD20_6,Pt 20,State-history,87.836,86.48,59.5,0,0,0,,
Pt 22_FD22_3,Pt 22,State-history,84.106,41.92,59.49,1,1,6,60.54,23.565999999999995
Pt 31_FD31_1,Pt 31,State-history,70.446,60.26,59.5,0,1,2,69.5,0.945999999999998
Pt 31_FD31_1,Pt 31,State-history,83.87599999999999,75.84,59.5,0,1,1,83.0,0.8759999999999906
Pt 31_FD31_2,Pt 31,State-history,71.90599999999999,60.23,59.5,0,1,2,70.95,0.9559999999999887
Pt 31_FD31_2,Pt 31,State-history,84.23599999999999,81.29,59.5,0,1,1,83.9,0.3359999999999843
Pt 32_FD32_1,Pt 32,State-history,68.866,67.51,59.5,0,0,0,,
Pt 32_FD32_1,Pt 32,State-history,76.48599999999999,75.13,59.5,0,0,0,,
Pt 32_FD32_1,Pt 32,State-history,86.17599999999999,84.82,59.5,0,1,1,86.05,0.1259999999999905
Pt 33_FD33_1,Pt 33,State-history,71.806,34.46,66.0,1,1,3,66.1,5.706000000000003
Pt 33_FD33_1,Pt 33,State-history,85.116,72.26,66.0,0,1,5,75.65,9.465999999999994
Pt 33_FD33_1,Pt 33,State-history,91.156,87.86,66.0,0,1,1,89.9,1.2560000000000002
Pt 33_FD33_2,Pt 33,State-history,66.42599999999999,64.24,66.0,1,0,0,,
Pt 33_FD33_2,Pt 33,State-history,75.946,67.49,66.0,0,1,1,75.65,0.2959999999999922
Pt 33_FD33_2,Pt 33,State-history,80.636,77.84,66.0,0,1,1,80.35,0.2860000000000013
Pt 33_FD33_2,Pt 33,State-history,86.56599999999999,81.06,66.0,0,1,1,86.3,0.2659999999999911
Pt 33_FD33_2,Pt 33,State-history,90.766,89.41,66.0,0,0,0,,
Pt 33_FD33_4,Pt 33,State-history,90.706,10.0,66.0,1,1,4,71.15,19.556
Pt 33_FD33_5,Pt 33,State-history,74.62599999999999,6.63,66.0,1,1,3,70.55,4.075999999999993
Pt 33_FD33_5,Pt 33,State-history,81.95599999999999,75.46,66.0,0,1,2,77.5,4.455999999999989
Pt 33_FD33_5,Pt 33,State-history,86.466,82.76,66.0,0,1,2,83.85,2.616
Pt 33_FD33_5,Pt 33,State-history,91.916,90.56,66.0,0,1,1,90.9,1.0159999999999911
Pt 33_FD33_6,Pt 33,State-history,83.62599999999999,63.44,66.0,1,1,5,75.7,7.925999999999988
Pt 33_FD33_6,Pt 33,State-history,90.836,84.11,66.0,0,1,2,89.25,1.5859999999999983
