method,n_reference,covered,missed,alarms,successful_warnings,repeated_successes,during_event_or_boundary,unresolved_tail,observed_seconds,active_seconds,coverage,success_fraction,activations_per_minute,active_fraction,q,median_lead,mean_lead,lead_q25,lead_q75,lead_max,lead_min
Persistence,88,41,47,123,57,16,66,0,654.8499999999628,223.44999999999987,0.4659090909090909,0.4634146341463415,11.269756432771503,0.34122318088113696,0.175,0.7259999999999991,2.0384390243902386,0.18599999999999284,1.5660000000000025,16.465999999999994,0.015999999999991132
AC1,88,62,26,291,136,74,154,1,654.8499999999628,212.7999999999999,0.7045454545454546,0.46735395189003437,26.66259448728868,0.3249599144842513,0.8,2.1859999999999964,3.892129032258058,1.0259999999999874,5.248499999999989,22.565999999999995,0.055999999999997385
Variance,88,36,52,56,53,17,3,0,654.8499999999628,173.00000000000003,0.4090909090909091,0.9464285714285714,5.130946018172391,0.2641826372451857,0.75,2.1059999999999945,5.066277777777774,0.845999999999993,7.1059999999999945,24.60600000000001,0.11599999999999966
Recovery,88,71,17,335,176,105,159,0,654.8499999999628,224.7999999999999,0.8068181818181818,0.5253731343283582,30.694052072995557,0.34328472169200985,0.75,1.8559999999999945,3.899802816901403,0.8059999999999903,5.270999999999994,24.60600000000001,0.04599999999999227
Reddening,88,43,45,135,72,29,63,0,654.8499999999628,250.65000000000003,0.48863636363636365,0.5333333333333333,12.369244865237015,0.3827594105520566,0.7,2.225999999999999,4.69948837209302,1.0059999999999931,6.205999999999996,24.60600000000001,0.21599999999999397
State-history,88,71,17,194,117,46,76,1,654.8499999999628,279.44999999999993,0.8068181818181818,0.6030927835051546,17.775062991525786,0.42673894785067695,0.175,0.9359999999999928,2.259802816901403,0.28100000000000236,1.9109999999999943,23.565999999999995,0.015999999999998238
AC1_A3T,88,85,3,418,232,147,186,0,654.8499999999628,299.4999999999999,0.9659090909090909,0.5550239234449761,38.29884706421535,0.4573566465603068,0.7,1.8859999999999957,3.58717647058823,0.9559999999999889,3.3159999999999883,24.60600000000001,0.06599999999998829
AC1_A7T,88,64,24,280,137,73,141,2,654.8499999999628,378.34999999999997,0.7272727272727273,0.48928571428571427,25.654730090861957,0.5777659005879536,0.6,2.0660000000000025,4.118187499999995,1.068499999999995,5.293499999999998,24.60600000000001,0.11599999999998545
AC1_RA5T,88,73,15,319,155,82,163,1,654.8499999999628,259.4,0.8295454545454546,0.48589341692789967,29.228067496374873,0.3961212491410471,0.75,2.005999999999986,3.7992876712328716,0.9759999999999991,3.7560000000000002,24.60600000000001,0.036000000000001364
Recovery_A3T,88,75,13,400,213,138,187,0,654.8499999999628,166.95000000000016,0.8522727272727273,0.5325,36.649614415517085,0.25494388027794096,0.8,1.8960000000000008,3.8961333333333292,1.0309999999999988,4.43099999999999,24.60600000000001,0.1659999999999826
Recovery_A7T,88,71,17,271,146,75,124,1,654.8499999999628,230.4499999999999,0.8068181818181818,0.5387453874538746,24.830113766512824,0.3519126517523295,0.75,1.7459999999999951,3.6843098591549257,0.9359999999999928,3.725999999999999,24.156000000000006,0.036000000000001364
Recovery_RA5T,88,79,9,380,189,110,188,3,654.8499999999628,221.3999999999999,0.8977272727272727,0.49736842105263157,34.81713369474123,0.3380926929831449,0.75,1.676000000000002,3.434860759493666,0.8409999999999869,4.155999999999999,23.365999999999993,0.02599999999999625
Reddening_A3T,88,67,21,240,133,66,107,0,654.8499999999628,265.19999999999993,0.7613636363636364,0.5541666666666667,21.98976864931025,0.40497823929146365,0.7,1.8259999999999934,3.68480597014925,1.0309999999999988,3.340999999999994,24.60600000000001,0.055999999999997385
Reddening_A7T,88,29,59,84,42,13,41,1,654.8499999999628,212.8,0.32954545454545453,0.5,7.696419027258587,0.3249599144842515,0.75,1.8359999999999985,5.708758620689652,1.1359999999999957,7.646000000000001,24.60600000000001,0.17600000000000193
Reddening_RA5T,88,42,46,125,61,19,63,1,654.8499999999628,245.95,0.4772727272727273,0.488,11.453004504849089,0.3755821943956844,0.7,2.4059999999999917,4.5626666666666615,1.298499999999997,5.218499999999999,23.26599999999999,0.0759999999999934
Variance_A3T,88,44,44,89,79,35,8,2,654.8499999999628,181.14999999999992,0.5,0.8876404494382022,8.154539207452551,0.2766282354737882,0.75,2.305999999999994,4.803954545454539,1.2334999999999923,6.1659999999999915,24.60600000000001,0.0059999999999860165
Variance_A7T,88,29,59,47,37,8,9,1,654.8499999999628,282.79999999999995,0.32954545454545453,0.7872340425531915,4.306329693823257,0.43185462319617623,0.55,3.0360000000000014,5.90220689655172,1.1460000000000008,7.3559999999999945,24.60600000000001,0.255999999999986
Variance_RA5T,88,38,50,80,58,20,21,1,654.8499999999628,283.05,0.4318181818181818,0.725,7.329922883103417,0.4322363900130046,0.65,2.330999999999996,5.165210526315786,1.6160000000000032,7.235999999999999,24.60600000000001,0.045999999999999375
