tag,participant,samples,duration_sec,sampling_hz,max_sampling_step_error,fit_stop_index,validation_stop_index,test_start_index,fitting_onsets,fitting_complete_intervals,fitting_onsets_after_history,fitting_prefix_redetected,historical_fitting_prefix_safe_onsets,test_onsets,raw_source_hash_match,packed_txy_exactly_match_source,checkpoint_hash_match
Pt 10_FD10_1,Pt 10,9000,89.99,100.00000000000213,9.0951551845464e-15,4680,5850,5950,7,7,7,7,7,10,True,True,True
Pt 10_FD10_2,Pt 10,9000,89.99,100.00000000000213,9.0951551845464e-15,4680,5850,5950,2,2,2,2,2,2,True,True,True
Pt 10_FD10_4,Pt 10,9000,89.99,100.00000000000213,9.0951551845464e-15,4680,5850,5950,1,1,1,1,1,5,True,True,True
Pt 18_FD18_2,Pt 18,9000,89.99,100.00000000000213,9.0951551845464e-15,4680,5850,5950,3,2,3,3,2,4,True,True,True
Pt 18_FD18_3,Pt 18,9000,89.99,100.00000000000213,9.0951551845464e-15,4680,5850,5950,6,6,6,6,6,6,True,True,True
Pt 18_FD18_4,Pt 18,9000,89.99,100.00000000000213,9.0951551845464e-15,4680,5850,5950,1,1,1,1,1,6,True,True,True
Pt 18_FD18_5,Pt 18,9000,89.99,100.00000000000213,9.0951551845464e-15,4680,5850,5950,2,2,2,2,2,5,True,True,True
Pt 20_FD20_2,Pt 20,9000,89.99,100.00000000000213,9.0951551845464e-15,4680,5850,5950,2,2,2,2,2,6,True,True,True
Pt 20_FD20_3,Pt 20,9000,89.99,100.00000000000213,9.0951551845464e-15,4680,5850,5950,3,2,3,2,2,5,True,True,True
Pt 20_FD20_4,Pt 20,9000,89.99,100.00000000000213,9.0951551845464e-15,4680,5850,5950,2,1,2,2,2,5,True,True,True
Pt 20_FD20_5,Pt 20,9000,89.99,100.00000000000213,9.0951551845464e-15,4680,5850,5950,7,7,7,7,6,4,True,True,True
Pt 20_FD20_6,Pt 20,9000,89.99,100.00000000000213,9.0951551845464e-15,4680,5850,5950,5,4,5,3,3,7,True,True,True
Pt 22_FD22_3,Pt 22,8999,89.98,100.00000000000213,9.0951551845464e-15,4679,5849,5949,2,2,2,2,2,1,True,True,True
Pt 31_FD31_1,Pt 31,9000,89.99,100.00000000000213,9.0951551845464e-15,4680,5850,5950,2,2,2,2,2,2,True,True,True
Pt 31_FD31_2,Pt 31,9000,89.99,100.00000000000213,9.0951551845464e-15,4680,5850,5950,2,1,2,2,2,2,True,True,True
Pt 32_FD32_1,Pt 32,9000,89.99,100.00000000000213,9.0951551845464e-15,4680,5850,5950,11,10,11,11,10,3,True,True,True
Pt 33_FD33_1,Pt 33,10000,99.99,100.00000000000213,9.0951551845464e-15,5200,6500,6600,1,1,1,1,1,3,True,True,True
Pt 33_FD33_2,Pt 33,10000,99.99,100.00000000000213,9.0951551845464e-15,5200,6500,6600,1,1,1,1,1,5,True,True,True
Pt 33_FD33_4,Pt 33,10000,99.99,100.00000000000213,9.0951551845464e-15,5200,6500,6600,1,1,1,1,1,1,True,True,True
Pt 33_FD33_5,Pt 33,10000,99.99,100.00000000000213,9.0951551845464e-15,5200,6500,6600,1,1,1,1,1,4,True,True,True
Pt 33_FD33_6,Pt 33,10000,99.99,100.00000000000213,9.0951551845464e-15,5200,6500,6600,2,2,2,2,2,2,True,True,True
