regime,horizon_sec,coordinate,method,n,absolute_error_sum,MAE
all,0.05,RA,Persistence,13139,428.94729687381067,0.032646875475592564
all,0.05,RA,State-history,13139,446.7388808656396,0.03400098035357634
all,0.05,RE,Persistence,13139,425.3011077835659,0.03236936660199147
all,0.05,RE,State-history,13139,426.68232428161787,0.03247449001306171
all,0.25,RA,Persistence,13055,1833.174346511417,0.14041932949149116
all,0.25,RA,State-history,13055,1757.8068827076481,0.13464625681406725
all,0.25,RE,Persistence,13055,1682.9891190006706,0.12891529061667334
all,0.25,RE,State-history,13055,1503.2271826495712,0.11514570529678829
all,0.5,RA,Persistence,12950,2856.5056969873503,0.2205795905009537
all,0.5,RA,State-history,12950,2789.2104415042822,0.21538304567600636
all,0.5,RE,Persistence,12950,2510.5830234007362,0.19386741493441978
all,0.5,RE,State-history,12950,2522.4145295811577,0.19478104475530175
all,0.75,RA,Persistence,12845,3610.9748798821533,0.2811191031438033
all,0.75,RA,State-history,12845,3594.9111415144216,0.2798685201646105
all,0.75,RE,Persistence,12845,3549.6623578646336,0.2763458433526379
all,0.75,RE,State-history,12845,3518.8492381071856,0.2739470017989245
all,1.0,RA,Persistence,12740,4205.508035385151,0.330102671537296
all,1.0,RA,State-history,12740,4253.106758905867,0.3338388350789534
all,1.0,RE,Persistence,12740,4059.10320705239,0.3186109267702033
all,1.0,RE,State-history,12740,4309.80829365152,0.3382895049961947
all,1.25,RA,Persistence,12635,4657.070847976964,0.36858495037411665
all,1.25,RA,State-history,12635,4722.313877000155,0.3737486250099054
all,1.25,RE,Persistence,12635,4722.421818546003,0.37375716806854004
all,1.25,RE,State-history,12635,4943.327810388514,0.39124082393260895
all,1.5,RA,Persistence,12530,5007.286991015674,0.3996238620124241
all,1.5,RA,State-history,12530,5122.068818613922,0.4087844228742157
all,1.5,RE,Persistence,12530,5052.32846614858,0.4032185527652498
all,1.5,RE,State-history,12530,5420.418002558124,0.4325952116965781
coordinate_decline,0.05,RA,Persistence,2091,110.06563823061818,0.05263779924945872
coordinate_decline,0.05,RA,State-history,2091,92.24249252748453,0.04411405668459327
coordinate_decline,0.05,RE,Persistence,2091,110.17103052249175,0.052688202067188786
coordinate_decline,0.05,RE,State-history,2091,79.04853291955669,0.037804176432117025
coordinate_decline,0.25,RA,Persistence,6061,974.7353690127159,0.16082088252973367
coordinate_decline,0.25,RA,State-history,6061,723.275561878688,0.11933271108376307
coordinate_decline,0.25,RE,Persistence,6061,908.5436221169061,0.14989995415226962
coordinate_decline,0.25,RE,State-history,6061,602.1197348497939,0.09934329893578517
coordinate_decline,0.5,RA,Persistence,6368,1491.4197002429441,0.23420535493764827
coordinate_decline,0.5,RA,State-history,6368,1158.3820885693628,0.18190673501403312
coordinate_decline,0.5,RE,Persistence,6368,1312.2140980003771,0.2060637716709135
coordinate_decline,0.5,RE,State-history,6368,1031.920566876501,0.16204782771301837
coordinate_decline,0.75,RA,Persistence,6681,1914.5533301950925,0.28656688073568215
coordinate_decline,0.75,RA,State-history,6681,1607.7697234130706,0.24064806517184112
coordinate_decline,0.75,RE,Persistence,6681,1926.330807124826,0.28832971218752074
coordinate_decline,0.75,RE,State-history,6681,1575.2834766105675,0.2357855824892333
coordinate_decline,1.0,RA,Persistence,6546,2247.570524910009,0.343350217676445
coordinate_decline,1.0,RA,State-history,6546,2048.340087107559,0.3129147704105651
coordinate_decline,1.0,RE,Persistence,6546,2185.176743146475,0.3338186286505461
coordinate_decline,1.0,RE,State-history,6546,2040.5598839583226,0.31172622730802363
coordinate_decline,1.25,RA,Persistence,6676,2507.7588694430265,0.37563793730422806
coordinate_decline,1.25,RA,State-history,6676,2379.1143116573085,0.3563682312248814
coordinate_decline,1.25,RE,Persistence,6676,2579.3728771146534,0.3863650205384442
coordinate_decline,1.25,RE,State-history,6676,2452.652485298921,0.3673835358446556
coordinate_decline,1.5,RA,Persistence,6608,2713.7785811065582,0.4106807780124937
coordinate_decline,1.5,RA,State-history,6608,2659.9124184052803,0.402529119008063
coordinate_decline,1.5,RE,Persistence,6608,2765.220482669826,0.4184655694112933
coordinate_decline,1.5,RE,State-history,6608,2748.1496177692215,0.4158822060788773
onset_crossing,0.05,RA,Persistence,88,3.0652731967496525,0.03483264996306423
onset_crossing,0.05,RA,State-history,88,2.9510512498128656,0.033534673293328016
onset_crossing,0.05,RE,Persistence,88,2.2114671469734644,0.02513030848833482
onset_crossing,0.05,RE,State-history,88,2.0782466881926847,0.023616439638553234
onset_crossing,0.25,RA,Persistence,440,68.45437197327873,0.15557811812108802
onset_crossing,0.25,RA,State-history,440,55.89857231758403,0.127042209812691
onset_crossing,0.25,RE,Persistence,440,47.048343269350674,0.1069280528848879
onset_crossing,0.25,RE,State-history,440,35.24982399991353,0.08011323636343984
onset_crossing,0.5,RA,Persistence,877,243.2034095233152,0.27731289569363193
onset_crossing,0.5,RA,State-history,877,188.64315519985587,0.21510051904202493
onset_crossing,0.5,RE,Persistence,877,196.14291181776443,0.2236521229392981
onset_crossing,0.5,RE,State-history,877,150.3011086974858,0.171380967728034
onset_crossing,0.75,RA,Persistence,1307,501.226975352148,0.3834942428096006
onset_crossing,0.75,RA,State-history,1307,409.1011055156107,0.3130077318405591
onset_crossing,0.75,RE,Persistence,1307,407.4018209559752,0.3117075906319627
onset_crossing,0.75,RE,State-history,1307,350.3986459205009,0.26809383773565487
onset_crossing,1.0,RA,Persistence,1731,752.5749361078637,0.43476310578155036
onset_crossing,1.0,RA,State-history,1731,654.4546830310412,0.378078961889683
onset_crossing,1.0,RE,Persistence,1731,684.7723939477244,0.3955935262551845
onset_crossing,1.0,RE,State-history,1731,595.0103111705648,0.34373790362251
onset_crossing,1.25,RA,Persistence,2150,1051.4968297586242,0.489068292910988
onset_crossing,1.25,RA,State-history,2150,915.0082595627614,0.42558523700593553
onset_crossing,1.25,RE,Persistence,2150,991.9999739801644,0.4613953367349602
onset_crossing,1.25,RE,State-history,2150,872.9813079690963,0.40603781766004476
onset_crossing,1.5,RA,Persistence,2560,1382.6231927105193,0.5400871846525466
onset_crossing,1.5,RA,State-history,2560,1171.668656965046,0.4576830691269711
onset_crossing,1.5,RE,Persistence,2560,1325.0437313841971,0.517595207571952
onset_crossing,1.5,RE,State-history,2560,1151.110691988734,0.44965261405809925
