anchor_time,active,enter_run,exit_elapsed,status,anchor_index,candidate,confirm_run,alarm_emitted,predicted_onset,current_support,soft_joint_any,soft_joint_n,future_points,evaluable
59.5,0.0,1,0.0,inactive,5950,1,1,0,59.55,1,1,3,30,True
59.55,0.0,2,0.0,inactive,5955,1,2,0,59.6,1,1,3,30,True
59.6,1.0,3,0.0,active,5960,1,3,1,59.65,1,1,4,30,True
59.65,1.0,3,0.0,active,5965,1,4,1,59.7,1,1,3,30,True
59.7,1.0,3,0.0,active,5970,1,5,1,59.75,1,1,3,30,True
59.75,1.0,3,0.0,active,5975,0,0,0,,1,1,2,30,True
59.8,1.0,3,0.04999999999999716,active,5980,0,0,0,,1,1,2,30,True
59.85,0.0,0,0.10000000000000142,inactive,5985,0,0,0,,1,1,2,30,True
59.9,0.0,0,0.0,inactive,5990,0,0,0,,1,1,2,30,True
59.95,0.0,1,0.0,inactive,5995,1,1,0,60.0,1,1,3,30,True
60.0,0.0,2,0.0,inactive,6000,1,2,0,60.05,1,1,4,30,True
60.05,1.0,3,0.0,active,6005,1,3,1,60.1,1,1,9,30,True
60.1,1.0,3,0.0,active,6010,1,4,1,60.15,1,1,19,30,True
60.15,1.0,3,0.0,active,6015,1,5,1,60.2,1,1,24,30,True
60.2,1.0,3,0.0,active,6020,1,6,1,60.25,1,1,24,30,True
60.25,1.0,3,0.0,active,6025,1,7,1,60.3,1,1,24,30,True
60.3,1.0,3,0.0,active,6030,1,8,1,60.35,1,1,30,30,True
60.35,1.0,3,0.0,active,6035,1,9,1,60.4,1,1,30,30,True
60.4,1.0,3,0.0,active,6040,1,10,1,60.45,1,1,30,30,True
60.45,1.0,3,0.0,active,6045,1,11,1,60.5,1,1,30,30,True
60.5,1.0,3,0.0,active,6050,1,12,1,60.65,1,1,28,30,True
60.55,1.0,3,0.0,active,6055,1,13,1,60.7,1,1,28,30,True
60.6,1.0,3,0.0,active,6060,1,14,1,60.75,1,1,28,30,True
60.65,1.0,3,0.0,active,6065,1,15,1,60.8,1,1,28,30,True
60.7,1.0,3,0.0,active,6070,1,16,1,60.95,1,1,26,30,True
60.75,1.0,3,0.0,active,6075,1,17,1,61.2,1,1,22,30,True
60.8,1.0,3,0.0,active,6080,0,0,0,,0,1,7,30,True
60.85,1.0,3,0.05000000000000426,active,6085,0,0,0,,0,0,0,30,True
60.9,0.0,0,0.10000000000000142,inactive,6090,0,0,0,,0,0,0,30,True
60.95,0.0,0,0.0,inactive,6095,0,0,0,,0,0,0,30,True
61.0,0.0,0,0.0,inactive,6100,0,0,0,,0,0,0,30,True
61.05,0.0,0,0.0,inactive,6105,0,0,0,,0,0,0,30,True
61.1,0.0,0,0.0,inactive,6110,0,0,0,,0,0,0,30,True
61.15,0.0,0,0.0,inactive,6115,0,0,0,,0,0,0,30,True
61.2,0.0,0,0.0,inactive,6120,0,0,0,,0,0,0,30,True
61.25,0.0,0,0.0,inactive,6125,0,0,0,,0,0,0,30,True
61.3,0.0,0,0.0,inactive,6130,0,0,0,,0,0,0,30,True
61.35,0.0,0,0.0,inactive,6135,0,0,0,,0,0,0,30,True
61.4,0.0,0,0.0,inactive,6140,0,0,0,,0,0,0,30,True
61.45,0.0,0,0.0,inactive,6145,0,0,0,,0,0,0,30,True
61.5,0.0,0,0.0,inactive,6150,0,0,0,,0,0,0,30,True
61.55,0.0,0,0.0,inactive,6155,0,0,0,,0,0,0,30,True
61.6,0.0,0,0.0,inactive,6160,0,0,0,,0,0,0,30,True
61.65,0.0,0,0.0,inactive,6165,0,0,0,,0,0,0,30,True
61.7,0.0,0,0.0,inactive,6170,0,0,0,,0,0,0,30,True
61.75,0.0,0,0.0,inactive,6175,0,0,0,,0,0,0,30,True
61.8,0.0,0,0.0,inactive,6180,0,0,0,,0,0,0,30,True
61.85,0.0,0,0.0,inactive,6185,0,0,0,,0,0,0,30,True
61.9,0.0,0,0.0,inactive,6190,0,0,0,,0,0,0,30,True
61.95,0.0,0,0.0,inactive,6195,0,0,0,,0,0,0,30,True
62.0,0.0,0,0.0,inactive,6200,0,0,0,,0,0,0,30,True
62.05,0.0,0,0.0,inactive,6205,0,0,0,,0,0,0,30,True
62.1,0.0,0,0.0,inactive,6210,0,0,0,,0,0,0,30,True
62.15,0.0,0,0.0,inactive,6215,0,0,0,,0,0,0,30,True
62.2,0.0,0,0.0,inactive,6220,0,0,0,,0,0,0,30,True
62.25,0.0,0,0.0,inactive,6225,0,0,0,,0,0,0,30,True
62.3,0.0,0,0.0,inactive,6230,0,0,0,,0,0,0,30,True
62.35,0.0,0,0.0,inactive,6235,0,0,0,,0,0,0,30,True
62.4,0.0,0,0.0,inactive,6240,0,0,0,,0,0,0,30,True
62.45,0.0,0,0.0,inactive,6245,0,0,0,,0,0,0,30,True
62.5,0.0,0,0.0,inactive,6250,0,0,0,,0,0,0,30,True
62.55,0.0,0,0.0,inactive,6255,0,0,0,,0,0,0,30,True
62.6,0.0,0,0.0,inactive,6260,0,0,0,,0,0,0,30,True
62.65,0.0,0,0.0,inactive,6265,0,0,0,,0,0,0,30,True
62.7,0.0,0,0.0,inactive,6270,0,0,0,,0,0,0,30,True
62.75,0.0,0,0.0,inactive,6275,0,0,0,,0,0,0,30,True
62.8,0.0,0,0.0,inactive,6280,0,0,0,,0,1,2,30,True
62.85,0.0,1,0.0,inactive,6285,1,1,0,62.95,1,1,9,30,True
62.9,0.0,2,0.0,inactive,6290,1,2,0,63.0,1,1,17,30,True
62.95,1.0,3,0.0,active,6295,1,3,1,63.05,1,1,18,30,True
63.0,1.0,3,0.0,active,6300,1,4,1,63.05,1,1,19,30,True
63.05,1.0,3,0.0,active,6305,1,5,1,63.1,1,1,17,30,True
63.1,1.0,3,0.0,active,6310,1,6,1,63.15,1,1,18,30,True
63.15,1.0,3,0.0,active,6315,1,7,1,63.2,1,1,29,30,True
63.2,1.0,3,0.0,active,6320,1,8,1,63.25,1,1,30,30,True
63.25,1.0,3,0.0,active,6325,1,9,1,63.3,1,1,30,30,True
63.3,1.0,3,0.0,active,6330,1,10,1,63.35,1,1,30,30,True
63.35,1.0,3,0.0,active,6335,1,11,1,63.4,1,1,30,30,True
63.4,1.0,3,0.0,active,6340,1,12,1,63.45,1,1,30,30,True
63.45,1.0,3,0.0,active,6345,1,13,1,63.5,1,1,30,30,True
63.5,1.0,3,0.0,active,6350,1,14,1,63.55,1,1,23,30,True
63.55,1.0,3,0.0,active,6355,1,15,1,63.6,1,1,19,30,True
63.6,1.0,3,0.0,active,6360,1,16,1,63.65,1,1,16,30,True
63.65,1.0,3,0.0,active,6365,1,17,1,63.7,1,1,16,30,True
63.7,1.0,3,0.0,active,6370,1,18,1,63.75,1,1,17,30,True
63.75,1.0,3,0.0,active,6375,1,19,1,63.8,1,1,18,30,True
63.8,1.0,3,0.0,active,6380,1,20,1,63.85,1,1,20,30,True
63.85,1.0,3,0.0,active,6385,1,21,1,63.9,1,1,21,30,True
63.9,1.0,3,0.0,active,6390,1,22,1,63.95,1,1,23,30,True
63.95,1.0,3,0.0,active,6395,1,23,1,64.0,1,1,25,30,True
64.0,1.0,3,0.0,active,6400,1,24,1,64.05,1,1,24,30,True
64.05,1.0,3,0.0,active,6405,1,25,1,64.1,1,1,16,30,True
64.1,1.0,3,0.0,active,6410,1,26,1,64.15,1,1,10,30,True
64.15,1.0,3,0.0,active,6415,1,27,1,64.2,1,1,8,30,True
64.2,1.0,3,0.0,active,6420,1,28,1,64.25,1,1,7,30,True
64.25,1.0,3,0.0,active,6425,1,29,1,64.3,1,1,6,30,True
64.3,1.0,3,0.0,active,6430,1,30,1,64.35,1,1,5,30,True
64.35,1.0,3,0.0,active,6435,1,31,1,64.4,1,1,4,30,True
64.4,1.0,3,0.0,active,6440,1,32,1,64.45,1,1,4,30,True
64.45,1.0,3,0.0,active,6445,1,33,1,64.5,1,1,29,30,True
64.5,1.0,3,0.0,active,6450,1,34,1,64.55,1,1,30,30,True
64.55,1.0,3,0.0,active,6455,1,35,1,64.6,1,1,30,30,True
64.6,1.0,3,0.0,active,6460,1,36,1,64.65,1,1,28,30,True
64.65,1.0,3,0.0,active,6465,1,37,1,64.7,1,1,23,30,True
64.7,1.0,3,0.0,active,6470,1,38,1,64.75,1,1,22,30,True
64.75,1.0,3,0.0,active,6475,1,39,1,64.8,1,1,28,30,True
64.8,1.0,3,0.0,active,6480,1,40,1,64.85,1,1,30,30,True
64.85,1.0,3,0.0,active,6485,1,41,1,64.9,1,1,30,30,True
64.9,1.0,3,0.0,active,6490,1,42,1,64.95,1,1,11,30,True
64.95,1.0,3,0.0,active,6495,1,43,1,65.0,1,1,8,30,True
65.0,1.0,3,0.0,active,6500,1,44,1,65.05,1,1,8,30,True
65.05,1.0,3,0.0,active,6505,1,45,1,65.1,1,1,9,30,True
65.1,1.0,3,0.0,active,6510,1,46,1,65.15,1,1,10,30,True
65.15,1.0,3,0.0,active,6515,1,47,1,65.2,1,1,12,30,True
65.2,1.0,3,0.0,active,6520,1,48,1,65.25,1,1,11,30,True
65.25,1.0,3,0.0,active,6525,1,49,1,65.3,1,1,11,30,True
65.3,1.0,3,0.0,active,6530,1,50,1,65.35,1,1,10,30,True
65.35,1.0,3,0.0,active,6535,1,51,1,65.4,1,1,10,30,True
65.4,1.0,3,0.0,active,6540,1,52,1,65.45,1,1,10,30,True
65.45,1.0,3,0.0,active,6545,1,53,1,65.5,1,1,10,30,True
65.5,1.0,3,0.0,active,6550,1,54,1,65.55,1,1,9,30,True
65.55,1.0,3,0.0,active,6555,1,55,1,65.6,1,1,9,30,True
65.6,1.0,3,0.0,active,6560,1,56,1,65.65,1,1,8,30,True
65.65,1.0,3,0.0,active,6565,1,57,1,65.7,1,1,9,30,True
65.7,1.0,3,0.0,active,6570,1,58,1,65.75,1,1,9,30,True
65.75,1.0,3,0.0,active,6575,1,59,1,65.8,1,1,9,30,True
65.8,1.0,3,0.0,active,6580,1,60,1,65.85,1,1,9,30,True
65.85,1.0,3,0.0,active,6585,1,61,1,65.9,1,1,10,30,True
65.9,1.0,3,0.0,active,6590,1,62,1,65.95,1,1,9,30,True
65.95,1.0,3,0.0,active,6595,1,63,1,66.0,1,1,9,30,True
66.0,1.0,3,0.0,active,6600,1,64,1,66.05,1,1,7,30,True
66.05,1.0,3,0.0,active,6605,1,65,1,66.1,1,1,5,30,True
66.1,1.0,3,0.0,active,6610,1,66,1,66.15,1,1,4,30,True
66.15,1.0,3,0.0,active,6615,1,67,1,66.2,1,1,26,30,True
66.2,1.0,3,0.0,active,6620,1,68,1,66.6,1,1,23,30,True
66.25,1.0,3,0.0,active,6625,0,0,0,,1,0,0,30,True
66.3,1.0,3,0.04999999999999716,active,6630,0,0,0,,1,0,0,30,True
66.35,0.0,0,0.09999999999999432,inactive,6635,0,0,0,,1,0,0,30,True
66.4,0.0,0,0.0,inactive,6640,0,0,0,,0,0,0,30,True
66.45,0.0,0,0.0,inactive,6645,0,0,0,,0,0,0,30,True
66.5,0.0,0,0.0,inactive,6650,0,0,0,,0,0,0,30,True
66.55,0.0,0,0.0,inactive,6655,0,0,0,,0,0,0,30,True
66.6,0.0,0,0.0,inactive,6660,0,0,0,,0,0,0,30,True
66.65,0.0,0,0.0,inactive,6665,0,0,0,,0,0,0,30,True
66.7,0.0,0,0.0,inactive,6670,0,0,0,,0,0,0,30,True
66.75,0.0,0,0.0,inactive,6675,0,0,0,,0,0,0,30,True
66.8,0.0,0,0.0,inactive,6680,0,0,0,,0,0,0,30,True
66.85,0.0,0,0.0,inactive,6685,0,0,0,,0,0,0,30,True
66.9,0.0,0,0.0,inactive,6690,0,0,0,,0,0,0,30,True
66.95,0.0,0,0.0,inactive,6695,0,0,0,,0,0,0,30,True
67.0,0.0,0,0.0,inactive,6700,0,0,0,,0,0,0,30,True
67.05,0.0,0,0.0,inactive,6705,0,0,0,,0,0,0,30,True
67.1,0.0,0,0.0,inactive,6710,0,0,0,,0,0,0,30,True
67.15,0.0,0,0.0,inactive,6715,0,0,0,,0,0,0,30,True
67.2,0.0,0,0.0,inactive,6720,0,0,0,,0,0,0,30,True
67.25,0.0,0,0.0,inactive,6725,0,0,0,,0,0,0,30,True
67.3,0.0,0,0.0,inactive,6730,0,0,0,,0,0,0,30,True
67.35,0.0,0,0.0,inactive,6735,0,0,0,,0,0,0,30,True
67.4,0.0,0,0.0,inactive,6740,0,0,0,,0,0,0,30,True
67.45,0.0,0,0.0,inactive,6745,0,0,0,,0,0,0,30,True
67.5,0.0,0,0.0,inactive,6750,0,0,0,,1,0,0,30,True
67.55,0.0,0,0.0,inactive,6755,0,0,0,,1,0,0,30,True
67.6,0.0,0,0.0,inactive,6760,0,0,0,,1,0,0,30,True
67.65,0.0,0,0.0,inactive,6765,0,0,0,,1,0,0,30,True
67.7,0.0,0,0.0,inactive,6770,0,0,0,,1,0,0,30,True
67.75,0.0,0,0.0,inactive,6775,0,0,0,,1,0,0,30,True
67.8,0.0,0,0.0,inactive,6780,0,0,0,,0,0,0,30,True
67.85,0.0,0,0.0,inactive,6785,0,0,0,,0,0,0,30,True
67.9,0.0,0,0.0,inactive,6790,0,0,0,,0,0,0,30,True
67.95,0.0,0,0.0,inactive,6795,0,0,0,,0,0,0,30,True
68.0,0.0,0,0.0,inactive,6800,0,0,0,,0,0,0,30,True
68.05,0.0,0,0.0,inactive,6805,0,0,0,,0,0,0,30,True
68.1,0.0,0,0.0,inactive,6810,0,0,0,,0,1,2,30,True
68.15,0.0,0,0.0,inactive,6815,0,0,0,,0,1,4,30,True
68.2,0.0,0,0.0,inactive,6820,0,0,0,,0,1,3,30,True
68.25,0.0,1,0.0,inactive,6825,1,1,0,69.65,1,1,3,30,True
68.3,0.0,0,0.0,inactive,6830,0,0,0,,1,0,0,30,True
68.35,0.0,1,0.0,inactive,6835,1,1,0,68.5,1,1,28,30,True
68.4,0.0,2,0.0,inactive,6840,1,2,0,68.55,1,1,28,30,True
68.45,1.0,3,0.0,active,6845,1,3,1,68.6,1,1,28,30,True
68.5,1.0,3,0.0,active,6850,1,4,1,68.55,1,1,30,30,True
68.55,1.0,3,0.0,active,6855,1,5,1,68.6,1,1,27,30,True
68.6,1.0,3,0.0,active,6860,1,6,1,68.65,1,1,22,30,True
68.65,1.0,3,0.0,active,6865,1,7,1,68.7,1,1,19,30,True
68.7,1.0,3,0.0,active,6870,1,8,1,68.75,1,1,16,30,True
68.75,1.0,3,0.0,active,6875,1,9,1,68.8,1,1,14,30,True
68.8,1.0,3,0.0,active,6880,1,10,1,68.85,1,1,15,30,True
68.85,1.0,3,0.0,active,6885,1,11,1,68.9,1,1,23,30,True
68.9,1.0,3,0.0,active,6890,1,12,1,68.95,1,1,30,30,True
68.95,1.0,3,0.0,active,6895,1,13,1,69.0,1,1,30,30,True
69.0,1.0,3,0.0,active,6900,1,14,1,69.05,1,1,30,30,True
69.05,1.0,3,0.0,active,6905,1,15,1,69.1,1,1,30,30,True
69.1,1.0,3,0.0,active,6910,1,16,1,69.15,1,1,30,30,True
69.15,1.0,3,0.0,active,6915,1,17,1,69.2,1,1,30,30,True
69.2,1.0,3,0.0,active,6920,1,18,1,69.25,1,1,30,30,True
69.25,1.0,3,0.0,active,6925,1,19,1,69.3,1,1,11,30,True
69.3,1.0,3,0.0,active,6930,1,20,1,69.35,1,1,10,30,True
69.35,1.0,3,0.0,active,6935,1,21,1,69.4,1,1,13,30,True
69.4,1.0,3,0.0,active,6940,1,22,1,69.45,1,1,16,30,True
69.45,1.0,3,0.0,active,6945,1,23,1,69.5,1,1,19,30,True
69.5,1.0,3,0.0,active,6950,1,24,1,69.55,1,1,22,30,True
69.55,1.0,3,0.0,active,6955,1,25,1,69.6,1,1,24,30,True
69.6,1.0,3,0.0,active,6960,1,26,1,69.65,1,1,25,30,True
69.65,1.0,3,0.0,active,6965,1,27,1,69.7,1,1,24,30,True
69.7,1.0,3,0.0,active,6970,1,28,1,69.75,1,1,21,30,True
69.75,1.0,3,0.0,active,6975,1,29,1,69.8,1,1,16,30,True
69.8,1.0,3,0.0,active,6980,1,30,1,69.85,1,1,14,30,True
69.85,1.0,3,0.0,active,6985,1,31,1,69.9,1,1,14,30,True
69.9,1.0,3,0.0,active,6990,1,32,1,69.95,1,1,14,30,True
69.95,1.0,3,0.0,active,6995,1,33,1,70.0,1,1,14,30,True
70.0,1.0,3,0.0,active,7000,1,34,1,70.05,1,1,14,30,True
70.05,1.0,3,0.0,active,7005,1,35,1,70.1,1,1,13,30,True
70.1,1.0,3,0.0,active,7010,1,36,1,70.15,1,1,12,30,True
70.15,1.0,3,0.0,active,7015,1,37,1,70.2,1,1,11,30,True
70.2,1.0,3,0.0,active,7020,1,38,1,70.25,1,1,10,30,True
70.25,1.0,3,0.0,active,7025,1,39,1,70.3,1,1,10,30,True
70.3,1.0,3,0.0,active,7030,1,40,1,70.35,1,1,10,30,True
70.35,1.0,3,0.0,active,7035,1,41,1,70.4,1,1,11,30,True
70.4,1.0,3,0.0,active,7040,1,42,1,70.45,1,1,11,30,True
70.45,1.0,3,0.0,active,7045,1,43,1,70.5,1,1,11,30,True
70.5,1.0,3,0.0,active,7050,1,44,1,70.55,1,1,10,30,True
70.55,1.0,3,0.0,active,7055,1,45,1,70.6,1,1,10,30,True
70.6,1.0,3,0.0,active,7060,1,46,1,70.65,1,1,9,30,True
70.65,1.0,3,0.0,active,7065,1,47,1,70.7,1,1,10,30,True
70.7,1.0,3,0.0,active,7070,1,48,1,70.75,1,1,11,30,True
70.75,1.0,3,0.0,active,7075,1,49,1,70.8,1,1,12,30,True
70.8,1.0,3,0.0,active,7080,1,50,1,70.85,1,1,12,30,True
70.85,1.0,3,0.0,active,7085,1,51,1,70.9,1,1,10,30,True
70.9,1.0,3,0.0,active,7090,1,52,1,70.95,1,1,7,30,True
70.95,1.0,3,0.0,active,7095,1,53,1,71.0,1,1,6,30,True
71.0,1.0,3,0.0,active,7100,1,54,1,71.05,1,1,6,30,True
71.05,1.0,3,0.0,active,7105,1,55,1,71.1,1,1,30,30,True
71.1,1.0,3,0.0,active,7110,1,56,1,71.15,1,1,30,30,True
71.15,1.0,3,0.0,active,7115,1,57,1,71.2,1,1,30,30,True
71.2,1.0,3,0.0,active,7120,1,58,1,71.25,1,1,30,30,True
71.25,1.0,3,0.0,active,7125,1,59,1,71.3,1,1,30,30,True
71.3,1.0,3,0.0,active,7130,1,60,1,71.35,1,1,30,30,True
71.35,1.0,3,0.0,active,7135,1,61,1,71.4,1,1,30,30,True
71.4,1.0,3,0.0,active,7140,1,62,1,71.45,1,1,30,30,True
71.45,1.0,3,0.0,active,7145,1,63,1,71.5,1,1,30,30,True
71.5,1.0,3,0.0,active,7150,1,64,1,71.55,1,1,30,30,True
71.55,1.0,3,0.0,active,7155,1,65,1,71.6,1,1,30,30,True
71.6,1.0,3,0.0,active,7160,1,66,1,71.65,1,1,30,30,True
71.65,1.0,3,0.0,active,7165,1,67,1,71.7,1,1,30,30,True
71.7,1.0,3,0.0,active,7170,1,68,1,71.75,1,1,30,30,True
71.75,1.0,3,0.0,active,7175,1,69,1,71.8,1,1,30,30,True
71.8,1.0,3,0.0,active,7180,1,70,1,71.85,1,1,30,30,True
71.85,1.0,3,0.0,active,7185,1,71,1,71.9,1,1,30,30,True
71.9,1.0,3,0.0,active,7190,1,72,1,71.95,1,1,27,30,True
71.95,1.0,3,0.0,active,7195,1,73,1,72.0,1,1,14,30,True
72.0,1.0,3,0.0,active,7200,1,74,1,72.05,1,1,9,30,True
72.05,1.0,3,0.0,active,7205,1,75,1,72.1,1,1,9,30,True
72.1,1.0,3,0.0,active,7210,1,76,1,72.15,1,1,12,30,True
72.15,1.0,3,0.0,active,7215,1,77,1,72.2,1,1,16,30,True
72.2,1.0,3,0.0,active,7220,1,78,1,72.25,1,1,18,30,True
72.25,1.0,3,0.0,active,7225,1,79,1,72.3,1,1,14,30,True
72.3,1.0,3,0.0,active,7230,1,80,1,72.35,1,1,10,30,True
72.35,1.0,3,0.0,active,7235,1,81,1,72.4,1,1,9,30,True
72.4,1.0,3,0.0,active,7240,1,82,1,72.45,1,1,9,30,True
72.45,1.0,3,0.0,active,7245,1,83,1,72.5,1,1,10,30,True
72.5,1.0,3,0.0,active,7250,1,84,1,72.55,1,1,10,30,True
72.55,1.0,3,0.0,active,7255,1,85,1,72.6,1,1,10,30,True
72.6,1.0,3,0.0,active,7260,1,86,1,72.65,1,1,9,30,True
72.65,1.0,3,0.0,active,7265,1,87,1,72.7,1,1,9,30,True
72.7,1.0,3,0.0,active,7270,1,88,1,72.75,1,1,9,30,True
72.75,1.0,3,0.0,active,7275,1,89,1,72.8,1,1,9,30,True
72.8,1.0,3,0.0,active,7280,1,90,1,72.85,1,1,10,30,True
72.85,1.0,3,0.0,active,7285,1,91,1,72.9,1,1,11,30,True
72.9,1.0,3,0.0,active,7290,1,92,1,72.95,1,1,12,30,True
72.95,1.0,3,0.0,active,7295,1,93,1,73.0,1,1,11,30,True
73.0,1.0,3,0.0,active,7300,1,94,1,73.05,1,1,9,30,True
73.05,1.0,3,0.0,active,7305,1,95,1,73.1,1,1,8,30,True
73.1,1.0,3,0.0,active,7310,1,96,1,73.15,1,1,6,30,True
73.15,1.0,3,0.0,active,7315,1,97,1,73.2,1,1,5,30,True
73.2,1.0,3,0.0,active,7320,1,98,1,73.25,1,1,4,30,True
73.25,1.0,3,0.0,active,7325,0,0,0,,1,0,0,30,True
73.3,1.0,3,0.04999999999999716,active,7330,0,0,0,,1,0,0,30,True
73.35,0.0,0,0.09999999999999432,inactive,7335,0,0,0,,1,0,0,30,True
73.4,0.0,0,0.0,inactive,7340,0,0,0,,0,0,0,30,True
73.45,0.0,0,0.0,inactive,7345,0,0,0,,0,0,0,30,True
73.5,0.0,0,0.0,inactive,7350,0,0,0,,0,0,0,30,True
73.55,0.0,0,0.0,inactive,7355,0,0,0,,0,0,0,30,True
73.6,0.0,0,0.0,inactive,7360,0,0,0,,0,0,0,30,True
73.65,0.0,0,0.0,inactive,7365,0,0,0,,0,0,0,30,True
73.7,0.0,0,0.0,inactive,7370,0,0,0,,0,0,0,30,True
73.75,0.0,0,0.0,inactive,7375,0,0,0,,0,0,0,30,True
73.8,0.0,0,0.0,inactive,7380,0,0,0,,0,0,0,30,True
73.85,0.0,0,0.0,inactive,7385,0,0,0,,0,0,0,30,True
73.9,0.0,0,0.0,inactive,7390,0,0,0,,0,0,0,30,True
73.95,0.0,0,0.0,inactive,7395,0,0,0,,0,0,0,30,True
74.0,0.0,0,0.0,inactive,7400,0,0,0,,0,0,0,30,True
74.05,0.0,0,0.0,inactive,7405,0,0,0,,0,0,0,30,True
74.1,0.0,0,0.0,inactive,7410,0,0,0,,0,0,0,30,True
74.15,0.0,0,0.0,inactive,7415,0,0,0,,0,0,0,30,True
74.2,0.0,0,0.0,inactive,7420,0,0,0,,0,0,0,30,True
74.25,0.0,0,0.0,inactive,7425,0,0,0,,0,0,0,30,True
74.3,0.0,0,0.0,inactive,7430,0,0,0,,0,0,0,30,True
74.35,0.0,0,0.0,inactive,7435,0,0,0,,0,0,0,30,True
74.4,0.0,0,0.0,inactive,7440,0,0,0,,0,0,0,30,True
74.45,0.0,0,0.0,inactive,7445,0,0,0,,0,0,0,30,True
74.5,0.0,0,0.0,inactive,7450,0,0,0,,0,0,0,30,True
74.55,0.0,0,0.0,inactive,7455,0,0,0,,0,1,2,30,True
74.6,0.0,0,0.0,inactive,7460,0,0,0,,0,1,3,30,True
74.65,0.0,0,0.0,inactive,7465,0,0,0,,0,1,3,30,True
74.7,0.0,0,0.0,inactive,7470,0,0,0,,0,1,4,30,True
74.75,0.0,0,0.0,inactive,7475,0,0,0,,0,1,5,30,True
74.8,0.0,0,0.0,inactive,7480,0,0,0,,0,1,5,30,True
74.85,0.0,0,0.0,inactive,7485,0,0,0,,0,1,4,30,True
74.9,0.0,0,0.0,inactive,7490,0,0,0,,0,1,4,30,True
74.95,0.0,0,0.0,inactive,7495,0,0,0,,0,1,4,30,True
75.0,0.0,0,0.0,inactive,7500,0,0,0,,0,1,3,30,True
75.05,0.0,0,0.0,inactive,7505,0,0,0,,0,1,1,30,True
75.1,0.0,0,0.0,inactive,7510,0,0,0,,0,0,0,30,True
75.15,0.0,0,0.0,inactive,7515,0,0,0,,0,0,0,30,True
75.2,0.0,0,0.0,inactive,7520,0,0,0,,0,0,0,30,True
75.25,0.0,0,0.0,inactive,7525,0,0,0,,0,0,0,30,True
75.3,0.0,0,0.0,inactive,7530,0,0,0,,0,0,0,30,True
75.35,0.0,0,0.0,inactive,7535,0,0,0,,0,0,0,30,True
75.4,0.0,0,0.0,inactive,7540,0,0,0,,0,0,0,30,True
75.45,0.0,0,0.0,inactive,7545,0,0,0,,0,0,0,30,True
75.5,0.0,0,0.0,inactive,7550,0,0,0,,0,0,0,30,True
75.55,0.0,0,0.0,inactive,7555,0,0,0,,0,0,0,30,True
75.6,0.0,0,0.0,inactive,7560,0,0,0,,0,0,0,30,True
75.65,0.0,0,0.0,inactive,7565,0,0,0,,0,0,0,30,True
75.7,0.0,0,0.0,inactive,7570,0,0,0,,0,0,0,30,True
75.75,0.0,0,0.0,inactive,7575,0,0,0,,0,0,0,30,True
75.8,0.0,0,0.0,inactive,7580,0,0,0,,0,0,0,30,True
75.85,0.0,0,0.0,inactive,7585,0,0,0,,0,0,0,30,True
75.9,0.0,0,0.0,inactive,7590,0,0,0,,0,0,0,30,True
75.95,0.0,0,0.0,inactive,7595,0,0,0,,0,0,0,30,True
76.0,0.0,0,0.0,inactive,7600,0,0,0,,0,1,7,30,True
76.05,0.0,1,0.0,inactive,7605,1,1,0,77.2,1,1,7,30,True
76.1,0.0,0,0.0,inactive,7610,0,0,0,,1,0,0,30,True
76.15,0.0,1,0.0,inactive,7615,1,1,0,77.1,1,1,8,30,True
76.2,0.0,2,0.0,inactive,7620,1,2,0,76.45,1,1,26,30,True
76.25,1.0,3,0.0,active,7625,1,3,1,76.45,1,1,27,30,True
76.3,1.0,3,0.0,active,7630,1,4,1,76.45,1,1,28,30,True
76.35,1.0,3,0.0,active,7635,1,5,1,76.5,1,1,28,30,True
76.4,1.0,3,0.0,active,7640,1,6,1,76.55,1,1,28,30,True
76.45,1.0,3,0.0,active,7645,1,7,1,76.65,1,1,27,30,True
76.5,1.0,3,0.0,active,7650,1,8,1,76.75,1,1,26,30,True
76.55,1.0,3,0.0,active,7655,1,9,1,76.75,1,1,27,30,True
76.6,1.0,3,0.0,active,7660,1,10,1,76.8,1,1,24,30,True
76.65,1.0,3,0.0,active,7665,1,11,1,76.8,1,1,15,30,True
76.7,1.0,3,0.0,active,7670,1,12,1,76.85,1,1,12,30,True
76.75,1.0,3,0.0,active,7675,1,13,1,76.85,1,1,9,30,True
76.8,1.0,3,0.0,active,7680,1,14,1,76.85,1,1,8,30,True
76.85,1.0,3,0.0,active,7685,1,15,1,76.95,1,1,6,30,True
76.9,1.0,3,0.0,active,7690,1,16,1,77.15,1,1,14,30,True
76.95,1.0,3,0.0,active,7695,1,17,1,77.15,1,1,27,30,True
77.0,1.0,3,0.0,active,7700,1,18,1,77.15,1,1,28,30,True
77.05,1.0,3,0.0,active,7705,1,19,1,77.1,1,1,30,30,True
77.1,1.0,3,0.0,active,7710,1,20,1,77.15,1,1,30,30,True
77.15,1.0,3,0.0,active,7715,1,21,1,77.2,1,1,30,30,True
77.2,1.0,3,0.0,active,7720,1,22,1,77.25,1,1,30,30,True
77.25,1.0,3,0.0,active,7725,1,23,1,77.3,1,1,30,30,True
77.3,1.0,3,0.0,active,7730,1,24,1,77.35,1,1,30,30,True
77.35,1.0,3,0.0,active,7735,1,25,1,77.4,1,1,29,30,True
77.4,1.0,3,0.0,active,7740,1,26,1,77.45,1,1,29,30,True
77.45,1.0,3,0.0,active,7745,1,27,1,77.5,1,1,30,30,True
77.5,1.0,3,0.0,active,7750,1,28,1,77.55,1,1,28,30,True
77.55,1.0,3,0.0,active,7755,1,29,1,77.6,1,1,20,30,True
77.6,1.0,3,0.0,active,7760,1,30,1,77.65,1,1,25,30,True
77.65,1.0,3,0.0,active,7765,1,31,1,78.15,1,1,21,30,True
77.7,1.0,3,0.0,active,7770,1,32,1,78.95,1,1,6,30,True
77.75,1.0,3,0.0,active,7775,1,33,1,79.15,1,1,3,30,True
77.8,1.0,3,0.0,active,7780,1,34,1,79.2,1,1,3,30,True
77.85,1.0,3,0.0,active,7785,0,0,0,,1,0,0,30,True
77.9,1.0,3,0.05000000000001137,active,7790,0,0,0,,1,0,0,30,True
77.95,0.0,0,0.10000000000000853,inactive,7795,0,0,0,,1,0,0,30,True
78.0,0.0,1,0.0,inactive,7800,1,1,0,78.15,1,1,23,30,True
78.05,0.0,2,0.0,inactive,7805,1,2,0,78.2,1,1,28,30,True
78.1,1.0,3,0.0,active,7810,1,3,1,78.25,1,1,28,30,True
78.15,1.0,3,0.0,active,7815,1,4,1,78.3,1,1,29,30,True
78.2,1.0,3,0.0,active,7820,1,5,1,78.25,1,1,30,30,True
78.25,1.0,3,0.0,active,7825,1,6,1,78.3,1,1,30,30,True
78.3,1.0,3,0.0,active,7830,1,7,1,78.35,1,1,30,30,True
78.35,1.0,3,0.0,active,7835,1,8,1,78.4,1,1,30,30,True
78.4,1.0,3,0.0,active,7840,1,9,1,78.5,1,1,29,30,True
78.45,1.0,3,0.0,active,7845,1,10,1,78.55,1,1,29,30,True
78.5,1.0,3,0.0,active,7850,1,11,1,78.65,1,1,25,30,True
78.55,1.0,3,0.0,active,7855,1,12,1,78.75,1,1,11,30,True
78.6,1.0,3,0.0,active,7860,1,13,1,78.8,1,1,7,30,True
78.65,1.0,3,0.0,active,7865,1,14,1,78.8,1,1,6,30,True
78.7,1.0,3,0.0,active,7870,1,15,1,78.75,1,1,7,30,True
78.75,1.0,3,0.0,active,7875,1,16,1,78.8,1,1,9,30,True
78.8,1.0,3,0.0,active,7880,1,17,1,78.85,1,1,8,30,True
78.85,1.0,3,0.0,active,7885,1,18,1,78.9,1,1,7,30,True
78.9,1.0,3,0.0,active,7890,1,19,1,78.95,1,1,6,30,True
78.95,1.0,3,0.0,active,7895,1,20,1,79.0,1,1,6,30,True
79.0,1.0,3,0.0,active,7900,1,21,1,79.05,1,1,8,30,True
79.05,1.0,3,0.0,active,7905,1,22,1,79.1,1,1,14,30,True
79.1,1.0,3,0.0,active,7910,1,23,1,79.15,1,1,21,30,True
79.15,1.0,3,0.0,active,7915,1,24,1,79.2,1,1,23,30,True
79.2,1.0,3,0.0,active,7920,1,25,1,79.25,1,1,22,30,True
79.25,1.0,3,0.0,active,7925,1,26,1,79.3,1,1,19,30,True
79.3,1.0,3,0.0,active,7930,1,27,1,79.35,1,1,17,30,True
79.35,1.0,3,0.0,active,7935,1,28,1,79.4,1,1,15,30,True
79.4,1.0,3,0.0,active,7940,1,29,1,79.45,1,1,13,30,True
79.45,1.0,3,0.0,active,7945,1,30,1,79.5,1,1,12,30,True
79.5,1.0,3,0.0,active,7950,1,31,1,79.55,1,1,11,30,True
79.55,1.0,3,0.0,active,7955,1,32,1,79.6,1,1,9,30,True
79.6,1.0,3,0.0,active,7960,1,33,1,79.65,1,1,8,30,True
79.65,1.0,3,0.0,active,7965,1,34,1,79.7,1,1,7,30,True
79.7,1.0,3,0.0,active,7970,1,35,1,79.75,1,1,6,30,True
79.75,1.0,3,0.0,active,7975,1,36,1,79.8,1,1,5,30,True
79.8,1.0,3,0.0,active,7980,1,37,1,79.85,1,1,6,30,True
79.85,1.0,3,0.0,active,7985,1,38,1,79.9,1,1,6,30,True
79.9,1.0,3,0.0,active,7990,1,39,1,79.95,1,1,6,30,True
79.95,1.0,3,0.0,active,7995,1,40,1,80.0,1,1,7,30,True
80.0,1.0,3,0.0,active,8000,1,41,1,80.05,1,1,10,30,True
80.05,1.0,3,0.0,active,8005,1,42,1,80.1,1,1,15,30,True
80.1,1.0,3,0.0,active,8010,1,43,1,80.15,1,1,19,30,True
80.15,1.0,3,0.0,active,8015,1,44,1,80.2,1,1,21,30,True
80.2,1.0,3,0.0,active,8020,1,45,1,80.25,1,1,20,30,True
80.25,1.0,3,0.0,active,8025,1,46,1,80.3,1,1,17,30,True
80.3,1.0,3,0.0,active,8030,1,47,1,80.35,1,1,15,30,True
80.35,1.0,3,0.0,active,8035,1,48,1,80.4,1,1,12,30,True
80.4,1.0,3,0.0,active,8040,1,49,1,80.45,1,1,9,30,True
80.45,1.0,3,0.0,active,8045,1,50,1,80.5,1,1,9,30,True
80.5,1.0,3,0.0,active,8050,1,51,1,80.55,1,1,9,30,True
80.55,1.0,3,0.0,active,8055,1,52,1,80.6,1,1,9,30,True
80.6,1.0,3,0.0,active,8060,1,53,1,80.65,1,1,10,30,True
80.65,1.0,3,0.0,active,8065,1,54,1,80.7,1,1,11,30,True
80.7,1.0,3,0.0,active,8070,1,55,1,80.75,1,1,9,30,True
80.75,1.0,3,0.0,active,8075,1,56,1,80.8,1,1,7,30,True
80.8,1.0,3,0.0,active,8080,1,57,1,80.85,1,1,7,30,True
80.85,1.0,3,0.0,active,8085,1,58,1,80.9,1,1,7,30,True
80.9,1.0,3,0.0,active,8090,1,59,1,80.95,1,1,7,30,True
80.95,1.0,3,0.0,active,8095,1,60,1,81.0,1,1,7,30,True
81.0,1.0,3,0.0,active,8100,1,61,1,81.05,1,1,7,30,True
81.05,1.0,3,0.0,active,8105,1,62,1,81.1,1,1,8,30,True
81.1,1.0,3,0.0,active,8110,1,63,1,81.15,1,1,7,30,True
81.15,1.0,3,0.0,active,8115,1,64,1,81.2,1,1,7,30,True
81.2,1.0,3,0.0,active,8120,1,65,1,81.25,1,1,8,30,True
81.25,1.0,3,0.0,active,8125,1,66,1,81.3,1,1,8,30,True
81.3,1.0,3,0.0,active,8130,1,67,1,81.35,1,1,9,30,True
81.35,1.0,3,0.0,active,8135,1,68,1,81.4,1,1,10,30,True
81.4,1.0,3,0.0,active,8140,1,69,1,81.45,1,1,10,30,True
81.45,1.0,3,0.0,active,8145,1,70,1,81.5,1,1,11,30,True
81.5,1.0,3,0.0,active,8150,1,71,1,81.55,1,1,11,30,True
81.55,1.0,3,0.0,active,8155,1,72,1,81.6,1,1,10,30,True
81.6,1.0,3,0.0,active,8160,1,73,1,81.65,1,1,10,30,True
81.65,1.0,3,0.0,active,8165,1,74,1,81.7,1,1,11,30,True
81.7,1.0,3,0.0,active,8170,1,75,1,81.75,1,1,11,30,True
81.75,1.0,3,0.0,active,8175,1,76,1,81.8,1,1,11,30,True
81.8,1.0,3,0.0,active,8180,1,77,1,81.85,1,1,10,30,True
81.85,1.0,3,0.0,active,8185,1,78,1,81.9,1,1,9,30,True
81.9,1.0,3,0.0,active,8190,1,79,1,81.95,1,1,9,30,True
81.95,1.0,3,0.0,active,8195,1,80,1,82.0,1,1,10,30,True
82.0,1.0,3,0.0,active,8200,1,81,1,82.05,1,1,9,30,True
82.05,1.0,3,0.0,active,8205,1,82,1,82.1,1,1,9,30,True
82.1,1.0,3,0.0,active,8210,1,83,1,82.15,1,1,9,30,True
82.15,1.0,3,0.0,active,8215,1,84,1,82.2,1,1,9,30,True
82.2,1.0,3,0.0,active,8220,1,85,1,82.25,1,1,9,30,True
82.25,1.0,3,0.0,active,8225,1,86,1,82.3,1,1,9,30,True
82.3,1.0,3,0.0,active,8230,1,87,1,82.35,1,1,9,30,True
82.35,1.0,3,0.0,active,8235,1,88,1,82.4,1,1,9,30,True
82.4,1.0,3,0.0,active,8240,1,89,1,82.45,1,1,11,30,True
82.45,1.0,3,0.0,active,8245,1,90,1,82.5,1,1,14,30,True
82.5,1.0,3,0.0,active,8250,1,91,1,82.55,1,1,16,30,True
82.55,1.0,3,0.0,active,8255,1,92,1,82.6,1,1,20,30,True
82.6,1.0,3,0.0,active,8260,1,93,1,82.65,1,1,19,30,True
82.65,1.0,3,0.0,active,8265,1,94,1,82.7,1,1,16,30,True
82.7,1.0,3,0.0,active,8270,1,95,1,82.75,1,1,13,30,True
82.75,1.0,3,0.0,active,8275,1,96,1,82.8,1,1,10,30,True
82.8,1.0,3,0.0,active,8280,1,97,1,82.85,1,1,8,30,True
82.85,1.0,3,0.0,active,8285,1,98,1,82.9,1,1,8,30,True
82.9,1.0,3,0.0,active,8290,1,99,1,82.95,1,1,7,30,True
82.95,1.0,3,0.0,active,8295,1,100,1,83.0,1,1,7,30,True
83.0,1.0,3,0.0,active,8300,1,101,1,83.05,1,1,6,30,True
83.05,1.0,3,0.0,active,8305,1,102,1,83.1,1,1,6,30,True
83.1,1.0,3,0.0,active,8310,1,103,1,83.15,1,1,7,30,True
83.15,1.0,3,0.0,active,8315,1,104,1,83.2,1,1,23,30,True
83.2,1.0,3,0.0,active,8320,1,105,1,83.25,1,1,30,30,True
83.25,1.0,3,0.0,active,8325,1,106,1,83.3,1,1,30,30,True
83.3,1.0,3,0.0,active,8330,1,107,1,83.35,1,1,30,30,True
83.35,1.0,3,0.0,active,8335,1,108,1,83.4,1,1,30,30,True
83.4,1.0,3,0.0,active,8340,1,109,1,83.45,1,1,30,30,True
83.45,1.0,3,0.0,active,8345,1,110,1,83.5,1,1,30,30,True
83.5,1.0,3,0.0,active,8350,1,111,1,83.55,1,1,30,30,True
83.55,1.0,3,0.0,active,8355,1,112,1,83.6,1,1,30,30,True
83.6,1.0,3,0.0,active,8360,1,113,1,83.65,1,1,30,30,True
83.65,1.0,3,0.0,active,8365,1,114,1,83.7,1,1,30,30,True
83.7,1.0,3,0.0,active,8370,1,115,1,83.75,1,1,30,30,True
83.75,1.0,3,0.0,active,8375,1,116,1,83.8,1,1,30,30,True
83.8,1.0,3,0.0,active,8380,1,117,1,83.85,1,1,10,30,True
83.85,1.0,3,0.0,active,8385,1,118,1,83.9,1,1,8,30,True
83.9,1.0,3,0.0,active,8390,1,119,1,83.95,1,1,8,30,True
83.95,1.0,3,0.0,active,8395,1,120,1,84.0,1,1,9,30,True
84.0,1.0,3,0.0,active,8400,1,121,1,84.05,1,1,11,30,True
84.05,1.0,3,0.0,active,8405,1,122,1,84.1,1,1,12,30,True
84.1,1.0,3,0.0,active,8410,1,123,1,84.15,1,1,13,30,True
84.15,1.0,3,0.0,active,8415,1,124,1,84.2,1,1,13,30,True
84.2,1.0,3,0.0,active,8420,1,125,1,84.25,1,1,11,30,True
84.25,1.0,3,0.0,active,8425,1,126,1,84.3,1,1,10,30,True
84.3,1.0,3,0.0,active,8430,1,127,1,84.35,1,1,10,30,True
84.35,1.0,3,0.0,active,8435,1,128,1,84.4,1,1,10,30,True
84.4,1.0,3,0.0,active,8440,1,129,1,84.45,1,1,10,30,True
84.45,1.0,3,0.0,active,8445,1,130,1,84.5,1,1,11,30,True
84.5,1.0,3,0.0,active,8450,1,131,1,84.55,1,1,11,30,True
84.55,1.0,3,0.0,active,8455,1,132,1,84.6,1,1,10,30,True
84.6,1.0,3,0.0,active,8460,1,133,1,84.65,1,1,9,30,True
84.65,1.0,3,0.0,active,8465,1,134,1,84.7,1,1,8,30,True
84.7,1.0,3,0.0,active,8470,1,135,1,84.75,1,1,8,30,True
84.75,1.0,3,0.0,active,8475,1,136,1,84.8,1,1,7,30,True
84.8,1.0,3,0.0,active,8480,1,137,1,84.85,1,1,7,30,True
84.85,1.0,3,0.0,active,8485,1,138,1,84.9,1,1,7,30,True
84.9,1.0,3,0.0,active,8490,1,139,1,84.95,1,1,7,30,True
84.95,1.0,3,0.0,active,8495,1,140,1,85.0,1,1,6,30,True
85.0,1.0,3,0.0,active,8500,1,141,1,85.05,1,1,5,30,True
85.05,1.0,3,0.0,active,8505,1,142,1,85.1,1,1,5,30,True
85.1,1.0,3,0.0,active,8510,1,143,1,85.15,1,1,5,30,True
85.15,1.0,3,0.0,active,8515,1,144,1,85.2,1,1,6,30,True
85.2,1.0,3,0.0,active,8520,1,145,1,85.25,1,1,6,30,True
85.25,1.0,3,0.0,active,8525,1,146,1,85.3,1,1,6,30,True
85.3,1.0,3,0.0,active,8530,1,147,1,85.35,1,1,6,30,True
85.35,1.0,3,0.0,active,8535,1,148,1,85.4,1,1,6,30,True
85.4,1.0,3,0.0,active,8540,1,149,1,85.45,1,1,7,30,True
85.45,1.0,3,0.0,active,8545,1,150,1,85.5,1,1,7,30,True
85.5,1.0,3,0.0,active,8550,1,151,1,85.55,1,1,5,30,True
85.55,1.0,3,0.0,active,8555,1,152,1,85.6,1,1,5,30,True
85.6,1.0,3,0.0,active,8560,1,153,1,85.65,1,1,5,30,True
85.65,1.0,3,0.0,active,8565,1,154,1,85.7,1,1,6,30,True
85.7,1.0,3,0.0,active,8570,1,155,1,85.75,1,1,6,30,True
85.75,1.0,3,0.0,active,8575,1,156,1,85.8,1,1,7,30,True
85.8,1.0,3,0.0,active,8580,1,157,1,85.85,1,1,7,30,True
85.85,1.0,3,0.0,active,8585,1,158,1,85.9,1,1,7,30,True
85.9,1.0,3,0.0,active,8590,1,159,1,85.95,1,1,6,30,True
85.95,1.0,3,0.0,active,8595,1,160,1,86.0,1,1,6,30,True
86.0,1.0,3,0.0,active,8600,1,161,1,86.05,1,1,6,30,True
86.05,1.0,3,0.0,active,8605,1,162,1,86.1,1,1,7,30,True
86.1,1.0,3,0.0,active,8610,1,163,1,86.15,1,1,9,30,True
86.15,1.0,3,0.0,active,8615,1,164,1,86.2,1,1,11,30,True
86.2,1.0,3,0.0,active,8620,1,165,1,86.25,1,1,11,30,True
86.25,1.0,3,0.0,active,8625,1,166,1,86.3,1,1,7,30,True
86.3,1.0,3,0.0,active,8630,1,167,1,86.35,1,1,5,30,True
86.35,1.0,3,0.0,active,8635,1,168,1,86.4,1,1,5,30,True
86.4,1.0,3,0.0,active,8640,1,169,1,86.45,1,1,6,30,True
86.45,1.0,3,0.0,active,8645,1,170,1,86.5,1,1,7,30,True
86.5,1.0,3,0.0,active,8650,1,171,1,86.55,1,1,8,30,True
86.55,1.0,3,0.0,active,8655,1,172,1,86.6,1,1,8,30,True
86.6,1.0,3,0.0,active,8660,1,173,1,86.65,1,1,9,30,True
86.65,1.0,3,0.0,active,8665,1,174,1,86.7,1,1,9,30,True
86.7,1.0,3,0.0,active,8670,1,175,1,86.75,1,1,8,30,True
86.75,1.0,3,0.0,active,8675,1,176,1,86.8,1,1,8,30,True
86.8,1.0,3,0.0,active,8680,1,177,1,86.85,1,1,8,30,True
86.85,1.0,3,0.0,active,8685,1,178,1,86.9,1,1,8,30,True
86.9,1.0,3,0.0,active,8690,1,179,1,86.95,1,1,8,30,True
86.95,1.0,3,0.0,active,8695,1,180,1,87.0,1,1,9,30,True
87.0,1.0,3,0.0,active,8700,1,181,1,87.05,1,1,9,30,True
87.05,1.0,3,0.0,active,8705,1,182,1,87.1,1,1,9,30,True
87.1,1.0,3,0.0,active,8710,1,183,1,87.15,1,1,10,30,True
87.15,1.0,3,0.0,active,8715,1,184,1,87.2,1,1,10,30,True
87.2,1.0,3,0.0,active,8720,1,185,1,87.25,1,1,10,30,True
87.25,1.0,3,0.0,active,8725,1,186,1,87.3,1,1,10,30,True
87.3,1.0,3,0.0,active,8730,1,187,1,87.35,1,1,9,30,True
87.35,1.0,3,0.0,active,8735,1,188,1,87.4,1,1,9,30,True
87.4,1.0,3,0.0,active,8740,1,189,1,87.45,1,1,9,30,True
87.45,1.0,3,0.0,active,8745,1,190,1,87.5,1,1,10,30,True
87.5,1.0,3,0.0,active,8750,1,191,1,87.55,1,1,11,30,True
87.55,1.0,3,0.0,active,8755,1,192,1,87.6,1,1,10,30,True
87.6,1.0,3,0.0,active,8760,1,193,1,87.65,1,1,7,30,True
87.65,1.0,3,0.0,active,8765,1,194,1,87.7,1,1,5,30,True
87.7,1.0,3,0.0,active,8770,1,195,1,87.75,1,1,5,30,True
87.75,1.0,3,0.0,active,8775,1,196,1,87.8,1,1,5,30,True
87.8,1.0,3,0.0,active,8780,1,197,1,87.85,1,1,5,30,True
87.85,1.0,3,0.0,active,8785,1,198,1,87.9,1,1,5,30,True
87.9,1.0,3,0.0,active,8790,1,199,1,87.95,1,1,6,30,True
87.95,1.0,3,0.0,active,8795,1,200,1,88.0,1,1,6,30,True
88.0,1.0,3,0.0,active,8800,1,201,1,88.05,1,1,6,30,True
88.05,1.0,3,0.0,active,8805,1,202,1,88.1,1,1,6,30,True
88.1,1.0,3,0.0,active,8810,1,203,1,88.15,1,1,7,30,True
88.15,1.0,3,0.0,active,8815,1,204,1,88.2,1,1,8,30,True
88.2,1.0,3,0.0,active,8820,1,205,1,88.25,1,1,9,30,True
88.25,1.0,3,0.0,active,8825,1,206,1,88.3,1,1,10,30,True
88.3,1.0,3,0.0,active,8830,1,207,1,88.35,1,1,13,30,True
88.35,1.0,3,0.0,active,8835,1,208,1,88.4,1,1,16,30,True
88.4,1.0,3,0.0,active,8840,1,209,1,88.45,1,1,15,30,True
88.45,1.0,3,0.0,active,8845,1,210,1,88.5,1,1,11,30,True
88.5,1.0,3,0.0,active,8850,1,211,1,88.55,1,1,9,29,True
88.55,1.0,3,0.0,active,8855,1,212,1,88.6,1,1,9,28,True
88.6,1.0,3,0.0,active,8860,1,213,1,88.65,1,1,11,27,True
88.65,1.0,3,0.0,active,8865,1,214,1,88.7,1,1,15,26,True
88.7,1.0,3,0.0,active,8870,1,215,1,88.75,1,1,18,25,True
88.75,1.0,3,0.0,active,8875,1,216,1,88.8,1,1,16,24,True
88.8,1.0,3,0.0,active,8880,1,217,1,88.85,1,1,10,23,True
88.85,1.0,3,0.0,active,8885,1,218,1,88.9,1,1,7,22,True
88.9,1.0,3,0.0,active,8890,1,219,1,88.95,1,1,6,21,True
88.95,1.0,3,0.0,active,8895,1,220,1,89.0,1,1,6,20,True
89.0,1.0,3,0.0,active,8900,1,221,1,89.05,1,1,7,19,True
89.05,1.0,3,0.0,active,8905,1,222,1,89.1,1,1,8,18,True
89.1,1.0,3,0.0,active,8910,1,223,1,89.15,1,1,9,17,True
89.15,1.0,3,0.0,active,8915,1,224,1,89.2,1,1,7,16,True
89.2,1.0,3,0.0,active,8920,1,225,1,89.25,1,1,6,15,True
89.25,1.0,3,0.0,active,8925,1,226,1,89.3,1,1,5,14,True
89.3,1.0,3,0.0,active,8930,1,227,1,89.35,1,1,5,13,True
89.35,1.0,3,0.0,active,8935,1,228,1,89.4,1,1,5,12,True
89.4,1.0,3,0.0,active,8940,1,229,1,89.45,1,1,6,11,True
89.45,1.0,3,0.0,active,8945,1,230,1,89.5,1,1,6,10,True
89.5,1.0,3,0.0,active,8950,1,231,1,89.55,1,1,6,9,True
89.55,1.0,3,0.0,active,8955,1,232,1,89.6,1,1,6,8,True
89.6,1.0,3,0.0,active,8960,1,233,1,89.65,1,1,6,7,True
89.65,1.0,3,0.0,active,8965,1,234,1,89.7,1,1,6,6,True
89.7,1.0,3,0.0,active,8970,1,235,1,89.75,1,1,5,5,True
89.75,1.0,3,0.0,active,8975,1,236,1,89.8,1,1,4,4,True
89.8,1.0,3,0.0,active,8980,1,237,1,89.85,1,1,3,3,True
89.85,,0,,not_evaluable,8985,0,0,0,,1,1,2,2,False
89.9,,0,,not_evaluable,8990,0,0,0,,1,1,1,1,False
