method,input,window_T,split,q,n_reference,covered,alarms,hit_alarms,full_followup_alarms,full_followup_hits,unmatched,exposure_seconds,observed_seconds,active_seconds,next_covered,next_associated,next_unresolved,coverage,precision,active_fraction,activations_per_minute,unmatched_per_minute,balance_score,median_lead,mean_lead
AC1,A,3,test,0.7,88,76,418,103,401,102,299,623.1899999999645,654.8499999999627,299.4999999999999,86,331,87,0.8636363636363636,0.2543640897755611,0.4573566465603068,38.29884706421536,28.78736821836201,0.3929838791442765,0.9909999999999926,0.9579736842105212
Variance,A,3,test,0.75,88,23,89,24,89,24,65,623.1899999999645,654.8499999999627,181.14999999999992,47,86,3,0.2613636363636363,0.2696629213483146,0.2766282354737882,8.154539207452553,6.2581235257308725,0.265448425102188,0.9759999999999992,0.9125217391304296
Recovery,A,3,test,0.8,88,66,400,95,385,95,290,623.1899999999645,654.8499999999627,166.95000000000016,81,300,100,0.75,0.2467532467532467,0.254943880277941,36.64961441551709,27.92085880710697,0.3713355048859935,1.0309999999999988,0.985242424242419
Reddening,A,3,test,0.7,88,49,240,55,228,55,173,623.1899999999645,654.8499999999627,265.19999999999993,81,194,46,0.5568181818181818,0.2412280701754386,0.4049782392914637,21.989768649310253,16.656236460791398,0.3366225331001748,1.0259999999999962,0.9264081632653014
AC1,A,5,test,0.8,88,42,291,52,272,52,220,623.1899999999645,654.8499999999627,212.79999999999987,77,213,78,0.4772727272727273,0.1911764705882352,0.3249599144842513,26.662594487288683,21.181341164012185,0.273,0.975999999999992,0.8583809523809468
Variance,A,5,test,0.75,88,22,56,22,56,22,34,623.1899999999645,654.8499999999627,173.00000000000003,38,55,1,0.25,0.3928571428571428,0.2641826372451857,5.130946018172392,3.27347999807461,0.3055555555555556,0.7359999999999971,0.7859999999999949
Recovery,A,5,test,0.75,88,56,335,72,317,72,245,623.1899999999645,654.8499999999627,224.7999999999999,83,263,72,0.6363636363636364,0.2271293375394321,0.3432847216920099,30.69405207299556,23.58831175083175,0.3347725008302889,0.8659999999999997,0.9011785714285672
Reddening,A,5,test,0.7,88,25,135,25,131,25,106,623.1899999999645,654.8499999999627,250.65000000000003,60,109,26,0.2840909090909091,0.1908396946564885,0.3827594105520566,12.369244865237018,10.205555288114962,0.228310502283105,0.9359999999999928,0.9031999999999936
AC1,A,7,test,0.6,88,47,280,58,264,58,206,623.1899999999645,654.8499999999627,378.35,73,212,68,0.5340909090909091,0.2196969696969697,0.5777659005879537,25.654730090861964,19.833437635393228,0.3113293741434444,1.0259999999999962,0.9525957446808464
Variance,A,7,test,0.55,88,14,47,14,45,14,31,623.1899999999645,654.8499999999627,282.79999999999995,32,42,5,0.1590909090909091,0.3111111111111111,0.4318546231961763,4.306329693823258,2.9846435276562624,0.2105263157894737,0.9909999999999926,0.9052857142857096
Recovery,A,7,test,0.75,88,56,271,68,263,68,195,623.1899999999645,654.8499999999627,230.4499999999999,83,221,50,0.6363636363636364,0.2585551330798479,0.3519126517523295,24.830113766512827,18.774370577192617,0.3677095403630745,0.8559999999999945,0.851892857142852
Reddening,A,7,test,0.75,88,16,84,17,83,17,66,623.1899999999645,654.8499999999627,212.8,45,68,16,0.1818181818181818,0.2048192771084337,0.3249599144842515,7.696419027258589,6.354402349203655,0.1926345609065155,1.1259999999999906,1.0441249999999958
AC1,RA,5,test,0.75,88,58,319,76,298,76,222,623.1899999999645,654.8499999999627,259.4,85,240,79,0.6590909090909091,0.2550335570469799,0.3961212491410472,29.22806749637488,21.373898810957748,0.3677623894543634,0.9959999999999952,0.9494482758620628
Variance,RA,5,test,0.65,88,17,80,17,79,17,62,623.1899999999645,654.8499999999627,283.05,45,72,8,0.1931818181818181,0.2151898734177215,0.4322363900130047,7.329922883103418,5.969287055312525,0.2035928143712574,0.8059999999999974,0.7389411764705839
Recovery,RA,5,test,0.75,88,67,380,88,361,88,273,623.1899999999645,654.8499999999627,221.3999999999999,86,290,90,0.7613636363636364,0.2437673130193905,0.338092692983145,34.81713369474124,26.284118808069664,0.3692962951363878,0.9959999999999952,0.9543582089552192
Reddening,RA,5,test,0.7,88,17,125,17,122,17,105,623.1899999999645,654.8499999999627,245.95,61,102,23,0.1931818181818181,0.1393442622950819,0.3755821943956844,11.45300450484909,10.109276464642178,0.1619047619047618,0.4259999999999877,0.6930588235294062
